Timestamp,Human readable date,38001c001851373237343331_pedestrians,context_38001c001851373237343331_pedestrians
1.58573E+12,4/1/20 2:08,18,{}
1.58575E+12,4/1/20 7:16,19,{}
1.58575E+12,4/1/20 7:51,20,{}
1.58576E+12,4/1/20 10:56,21,{}
1.58577E+12,4/1/20 11:17,22,{}
1.58577E+12,4/1/20 11:53,23,{}
1.58577E+12,4/1/20 12:27,24,{}
1.58577E+12,4/1/20 12:27,25,{}
1.58577E+12,4/1/20 12:27,26,{}
1.58577E+12,4/1/20 12:27,27,{}
1.58577E+12,4/1/20 12:28,28,{}
1.58577E+12,4/1/20 12:30,29,{}
1.58577E+12,4/1/20 12:30,30,{}
1.58577E+12,4/1/20 12:34,31,{}
1.58577E+12,4/1/20 12:41,32,{}
1.58577E+12,4/1/20 12:42,33,{}
1.58577E+12,4/1/20 12:44,34,{}
1.58577E+12,4/1/20 12:44,35,{}
1.58577E+12,4/1/20 12:45,36,{}
1.58577E+12,4/1/20 12:46,37,{}
1.58577E+12,4/1/20 12:49,38,{}
1.58577E+12,4/1/20 12:53,39,{}
1.58577E+12,4/1/20 12:55,40,{}
1.58577E+12,4/1/20 13:02,41,{}
1.58577E+12,4/1/20 13:02,42,{}
1.58577E+12,4/1/20 13:04,43,{}
1.58577E+12,4/1/20 13:58,44,{}
1.58577E+12,4/1/20 14:00,45,{}
1.58577E+12,4/1/20 14:00,46,{}
1.58578E+12,4/1/20 14:15,47,{}
1.58578E+12,4/1/20 14:21,48,{}
1.58578E+12,4/1/20 14:22,49,{}
1.58578E+12,4/1/20 14:23,50,{}
1.58578E+12,4/1/20 14:38,51,{}
1.58578E+12,4/1/20 14:57,52,{}
1.58578E+12,4/1/20 15:04,53,{}
1.58578E+12,4/1/20 15:24,54,{}
1.58578E+12,4/1/20 15:33,55,{}
1.58578E+12,4/1/20 15:35,56,{}
1.58578E+12,4/1/20 15:38,57,{}
1.58578E+12,4/1/20 15:57,58,{}
1.58578E+12,4/1/20 15:58,59,{}
1.58578E+12,4/1/20 15:58,60,{}
1.58578E+12,4/1/20 16:00,61,{}
1.58578E+12,4/1/20 16:00,62,{}
1.58578E+12,4/1/20 16:15,63,{}
1.58578E+12,4/1/20 16:16,64,{}
1.58578E+12,4/1/20 16:24,65,{}
1.58579E+12,4/1/20 17:00,66,{}
1.58579E+12,4/1/20 17:03,67,{}
1.58579E+12,4/1/20 17:05,68,{}
1.58579E+12,4/1/20 17:07,70,{}
1.58579E+12,4/1/20 17:09,71,{}
1.58579E+12,4/1/20 17:11,72,{}
1.58579E+12,4/1/20 17:11,73,{}
1.58579E+12,4/1/20 17:13,76,{}
1.58579E+12,4/1/20 17:13,77,{}
1.58579E+12,4/1/20 17:13,74,{}
1.58579E+12,4/1/20 17:13,74,{}
1.58579E+12,4/1/20 17:14,78,{}
1.58579E+12,4/1/20 17:14,79,{}
1.58579E+12,4/1/20 17:14,80,{}
1.58579E+12,4/1/20 17:16,81,{}
1.58579E+12,4/1/20 17:17,83,{}
1.58579E+12,4/1/20 17:17,82,{}
1.58579E+12,4/1/20 18:02,84,{}
1.58579E+12,4/1/20 18:16,85,{}
1.58579E+12,4/1/20 18:37,86,{}
1.5858E+12,4/1/20 19:40,87,{}
1.5858E+12,4/1/20 20:33,89,{}
1.5858E+12,4/1/20 20:33,92,{}
1.5858E+12,4/1/20 20:33,90,{}
1.5858E+12,4/1/20 20:33,93,{}
1.5858E+12,4/1/20 20:33,94,{}
1.5858E+12,4/1/20 20:34,91,{}
1.5858E+12,4/1/20 20:53,99,{}
1.58581E+12,4/1/20 22:31,101,{}
1.58581E+12,4/1/20 23:25,102,{}
1.58581E+12,4/1/20 23:25,103,{}
1.58581E+12,4/1/20 23:26,104,{}
1.58581E+12,4/1/20 23:32,105,{}
1.58581E+12,4/1/20 23:33,107,{}
1.58581E+12,4/1/20 23:33,106,{}
1.58581E+12,4/1/20 23:33,108,{}
1.58581E+12,4/1/20 23:33,109,{}
1.58584E+12,4/2/20 7:19,110,{}
1.58584E+12,4/2/20 7:19,111,{}
1.58584E+12,4/2/20 7:28,112,{}
1.58584E+12,4/2/20 8:06,113,{}
1.58584E+12,4/2/20 8:07,114,{}
1.58584E+12,4/2/20 8:23,115,{}
1.58584E+12,4/2/20 8:23,116,{}
1.58584E+12,4/2/20 8:24,117,{}
1.58584E+12,4/2/20 8:24,118,{}
1.58584E+12,4/2/20 8:24,119,{}
1.58584E+12,4/2/20 8:25,120,{}
1.58584E+12,4/2/20 8:25,121,{}
1.58584E+12,4/2/20 8:26,122,{}
1.58584E+12,4/2/20 8:27,123,{}
1.58584E+12,4/2/20 8:27,124,{}
1.58584E+12,4/2/20 8:27,125,{}
1.58584E+12,4/2/20 8:27,126,{}
1.58584E+12,4/2/20 8:27,127,{}
1.58584E+12,4/2/20 8:28,128,{}
1.58584E+12,4/2/20 8:28,129,{}
1.58584E+12,4/2/20 8:28,130,{}
1.58584E+12,4/2/20 8:29,131,{}
1.58584E+12,4/2/20 8:29,132,{}
1.58584E+12,4/2/20 8:29,133,{}
1.58584E+12,4/2/20 8:30,134,{}
1.58584E+12,4/2/20 8:30,135,{}
1.58584E+12,4/2/20 8:31,136,{}
1.58584E+12,4/2/20 8:31,137,{}
1.58584E+12,4/2/20 8:31,138,{}
1.58584E+12,4/2/20 8:31,139,{}
1.58584E+12,4/2/20 8:31,140,{}
1.58584E+12,4/2/20 8:31,141,{}
1.58584E+12,4/2/20 8:32,142,{}
1.58584E+12,4/2/20 8:32,143,{}
1.58584E+12,4/2/20 8:33,145,{}
1.58584E+12,4/2/20 8:33,144,{}
1.58584E+12,4/2/20 8:33,146,{}
1.58584E+12,4/2/20 8:34,147,{}
1.58584E+12,4/2/20 8:35,148,{}
1.58584E+12,4/2/20 8:35,149,{}
1.58584E+12,4/2/20 8:35,150,{}
1.58584E+12,4/2/20 8:36,151,{}
1.58584E+12,4/2/20 8:36,152,{}
1.58584E+12,4/2/20 8:36,153,{}
1.58584E+12,4/2/20 8:37,154,{}
1.58584E+12,4/2/20 8:37,155,{}
1.58584E+12,4/2/20 8:37,156,{}
1.58584E+12,4/2/20 8:37,157,{}
1.58584E+12,4/2/20 8:37,158,{}
1.58584E+12,4/2/20 8:39,159,{}
1.58584E+12,4/2/20 8:39,160,{}
1.58584E+12,4/2/20 8:39,161,{}
1.58584E+12,4/2/20 8:40,162,{}
1.58584E+12,4/2/20 8:40,163,{}
1.58584E+12,4/2/20 8:40,164,{}
1.58584E+12,4/2/20 8:41,165,{}
1.58584E+12,4/2/20 8:43,166,{}
1.58584E+12,4/2/20 8:43,167,{}
1.58584E+12,4/2/20 8:45,168,{}
1.58584E+12,4/2/20 8:45,169,{}
1.58584E+12,4/2/20 8:46,170,{}
1.58584E+12,4/2/20 8:46,171,{}
1.58584E+12,4/2/20 8:46,172,{}
1.58584E+12,4/2/20 8:47,173,{}
1.58584E+12,4/2/20 8:47,174,{}
1.58584E+12,4/2/20 8:47,175,{}
1.58584E+12,4/2/20 8:47,176,{}
1.58584E+12,4/2/20 8:49,177,{}
1.58584E+12,4/2/20 8:49,178,{}
1.58584E+12,4/2/20 8:50,179,{}
1.58584E+12,4/2/20 8:51,180,{}
1.58584E+12,4/2/20 8:51,181,{}
1.58584E+12,4/2/20 8:51,182,{}
1.58584E+12,4/2/20 8:52,183,{}
1.58584E+12,4/2/20 8:52,184,{}
1.58584E+12,4/2/20 8:53,185,{}
1.58584E+12,4/2/20 8:53,186,{}
1.58584E+12,4/2/20 8:53,187,{}
1.58584E+12,4/2/20 8:53,188,{}
1.58584E+12,4/2/20 8:54,189,{}
1.58584E+12,4/2/20 8:54,190,{}
1.58584E+12,4/2/20 8:55,191,{}
1.58584E+12,4/2/20 8:55,192,{}
1.58584E+12,4/2/20 8:55,193,{}
1.58584E+12,4/2/20 8:56,194,{}
1.58584E+12,4/2/20 8:57,195,{}
1.58584E+12,4/2/20 8:58,196,{}
1.58584E+12,4/2/20 8:59,197,{}
1.58584E+12,4/2/20 9:09,198,{}
1.58584E+12,4/2/20 9:10,199,{}
1.58584E+12,4/2/20 9:17,200,{}
1.58584E+12,4/2/20 9:18,201,{}
1.58584E+12,4/2/20 9:20,202,{}
1.58584E+12,4/2/20 9:29,203,{}
1.58584E+12,4/2/20 9:29,204,{}
1.58585E+12,4/2/20 9:30,205,{}
1.58585E+12,4/2/20 9:32,206,{}
1.58585E+12,4/2/20 9:37,207,{}
1.58585E+12,4/2/20 9:38,208,{}
1.58585E+12,4/2/20 9:41,209,{}
1.58585E+12,4/2/20 9:52,210,{}
1.58585E+12,4/2/20 9:53,211,{}
1.58585E+12,4/2/20 10:07,212,{}
1.58585E+12,4/2/20 10:09,213,{}
1.58585E+12,4/2/20 10:09,214,{}
1.58585E+12,4/2/20 10:10,215,{}
1.58585E+12,4/2/20 10:11,216,{}
1.58585E+12,4/2/20 10:12,217,{}
1.58585E+12,4/2/20 10:16,218,{}
1.58585E+12,4/2/20 10:34,219,{}
1.58585E+12,4/2/20 10:36,220,{}
1.58585E+12,4/2/20 10:49,223,{}
1.58585E+12,4/2/20 10:53,224,{}
1.58585E+12,4/2/20 10:58,225,{}
1.58585E+12,4/2/20 11:01,226,{}
1.58585E+12,4/2/20 11:02,227,{}
1.58585E+12,4/2/20 11:05,228,{}
1.58585E+12,4/2/20 11:07,229,{}
1.58585E+12,4/2/20 11:08,230,{}
1.58585E+12,4/2/20 11:11,231,{}
1.58585E+12,4/2/20 11:17,232,{}
1.58585E+12,4/2/20 11:18,233,{}
1.58585E+12,4/2/20 11:18,234,{}
1.58585E+12,4/2/20 11:19,235,{}
1.58585E+12,4/2/20 11:21,236,{}
1.58585E+12,4/2/20 11:22,237,{}
1.58585E+12,4/2/20 11:26,238,{}
1.58585E+12,4/2/20 11:30,239,{}
1.58585E+12,4/2/20 11:35,240,{}
1.58585E+12,4/2/20 11:36,241,{}
1.58585E+12,4/2/20 11:36,242,{}
1.58585E+12,4/2/20 11:38,243,{}
1.58585E+12,4/2/20 11:39,244,{}
1.58585E+12,4/2/20 11:39,245,{}
1.58585E+12,4/2/20 11:40,246,{}
1.58585E+12,4/2/20 11:41,247,{}
1.58585E+12,4/2/20 11:41,248,{}
1.58585E+12,4/2/20 11:41,249,{}
1.58585E+12,4/2/20 11:42,250,{}
1.58585E+12,4/2/20 11:42,251,{}
1.58585E+12,4/2/20 11:42,252,{}
1.58585E+12,4/2/20 11:44,253,{}
1.58585E+12,4/2/20 11:44,254,{}
1.58585E+12,4/2/20 11:45,255,{}
1.58585E+12,4/2/20 11:48,256,{}
1.58585E+12,4/2/20 11:54,257,{}
1.58585E+12,4/2/20 11:57,258,{}
1.58585E+12,4/2/20 11:58,259,{}
1.58585E+12,4/2/20 12:01,260,{}
1.58585E+12,4/2/20 12:01,261,{}
1.58585E+12,4/2/20 12:05,262,{}
1.58585E+12,4/2/20 12:07,263,{}
1.58585E+12,4/2/20 12:11,265,{}
1.58585E+12,4/2/20 12:12,266,{}
1.58586E+12,4/2/20 12:17,267,{}
1.58586E+12,4/2/20 12:21,268,{}
1.58586E+12,4/2/20 12:32,269,{}
1.58586E+12,4/2/20 12:38,270,{}
1.58586E+12,4/2/20 12:49,271,{}
1.58586E+12,4/2/20 12:50,272,{}
1.58586E+12,4/2/20 12:55,273,{}
1.58586E+12,4/2/20 13:04,274,{}
1.58586E+12,4/2/20 13:11,275,{}
1.58586E+12,4/2/20 13:52,279,{}
1.58586E+12,4/2/20 13:52,278,{}
1.58586E+12,4/2/20 14:02,281,{}
1.58586E+12,4/2/20 14:06,282,{}
1.58586E+12,4/2/20 14:44,284,{}
1.58586E+12,4/2/20 14:44,285,{}
1.58586E+12,4/2/20 14:44,286,{}
1.58586E+12,4/2/20 14:53,287,{}
1.58586E+12,4/2/20 14:55,288,{}
1.58587E+12,4/2/20 15:13,289,{}
1.58587E+12,4/2/20 15:14,290,{}
1.58587E+12,4/2/20 15:14,291,{}
1.58587E+12,4/2/20 15:25,292,{}
1.58587E+12,4/2/20 15:25,293,{}
1.58587E+12,4/2/20 15:25,294,{}
1.58587E+12,4/2/20 15:28,295,{}
1.58587E+12,4/2/20 15:28,296,{}
1.58587E+12,4/2/20 15:28,297,{}
1.58587E+12,4/2/20 15:28,298,{}
1.58587E+12,4/2/20 15:29,299,{}
1.58587E+12,4/2/20 15:54,300,{}
1.58587E+12,4/2/20 16:20,301,{}
1.58587E+12,4/2/20 16:25,302,{}
1.58588E+12,4/2/20 18:41,304,{}
1.58588E+12,4/2/20 19:29,305,{}
1.58588E+12,4/2/20 19:34,306,{}
1.58588E+12,4/2/20 20:30,307,{}
1.58589E+12,4/2/20 21:38,308,{}
1.58589E+12,4/2/20 21:39,309,{}
1.58589E+12,4/2/20 21:41,310,{}
1.58589E+12,4/2/20 21:41,311,{}
1.58589E+12,4/2/20 21:52,316,{}
1.58589E+12,4/2/20 21:53,317,{}
1.58589E+12,4/2/20 21:58,318,{}
1.58589E+12,4/2/20 22:00,322,{}
1.58589E+12,4/2/20 22:02,323,{}
1.58589E+12,4/2/20 22:02,324,{}
1.58589E+12,4/2/20 22:03,327,{}
1.58589E+12,4/2/20 22:03,326,{}
1.58589E+12,4/2/20 22:03,325,{}
1.58589E+12,4/2/20 22:03,328,{}
1.58589E+12,4/2/20 22:03,329,{}
1.58589E+12,4/2/20 22:03,330,{}
1.58589E+12,4/2/20 22:25,331,{}
1.5859E+12,4/3/20 2:07,333,{}
1.5859E+12,4/3/20 2:07,334,{}
1.58592E+12,4/3/20 7:04,335,{}
1.58593E+12,4/3/20 7:52,337,{}
1.58593E+12,4/3/20 7:52,336,{}
1.58593E+12,4/3/20 7:53,338,{}
1.58593E+12,4/3/20 7:53,339,{}
1.58593E+12,4/3/20 8:24,340,{}
1.58593E+12,4/3/20 8:26,341,{}
1.58593E+12,4/3/20 8:26,342,{}
1.58593E+12,4/3/20 8:27,343,{}
1.58593E+12,4/3/20 8:27,344,{}
1.58593E+12,4/3/20 8:28,345,{}
1.58593E+12,4/3/20 8:31,346,{}
1.58593E+12,4/3/20 8:31,347,{}
1.58593E+12,4/3/20 8:32,348,{}
1.58593E+12,4/3/20 8:33,349,{}
1.58593E+12,4/3/20 8:33,350,{}
1.58593E+12,4/3/20 8:34,351,{}
1.58593E+12,4/3/20 8:34,352,{}
1.58593E+12,4/3/20 8:36,354,{}
1.58593E+12,4/3/20 8:37,355,{}
1.58593E+12,4/3/20 8:41,356,{}
1.58593E+12,4/3/20 8:41,357,{}
1.58593E+12,4/3/20 8:48,359,{}
1.58593E+12,4/3/20 8:48,360,{}
1.58593E+12,4/3/20 8:48,361,{}
1.58593E+12,4/3/20 8:57,362,{}
1.58593E+12,4/3/20 8:57,363,{}
1.58593E+12,4/3/20 8:58,364,{}
1.58593E+12,4/3/20 8:58,365,{}
1.58593E+12,4/3/20 9:13,366,{}
1.58593E+12,4/3/20 9:16,367,{}
1.58593E+12,4/3/20 9:17,368,{}
1.58593E+12,4/3/20 9:18,369,{}
1.58593E+12,4/3/20 9:23,370,{}
1.58593E+12,4/3/20 9:29,371,{}
1.58593E+12,4/3/20 9:30,372,{}
1.58593E+12,4/3/20 9:30,373,{}
1.58593E+12,4/3/20 9:30,374,{}
1.58593E+12,4/3/20 9:30,375,{}
1.58593E+12,4/3/20 9:30,376,{}
1.58593E+12,4/3/20 9:50,377,{}
1.58593E+12,4/3/20 9:59,378,{}
1.58593E+12,4/3/20 10:02,379,{}
1.58593E+12,4/3/20 10:07,380,{}
1.58593E+12,4/3/20 10:08,381,{}
1.58593E+12,4/3/20 10:11,382,{}
1.58593E+12,4/3/20 10:18,383,{}
1.58593E+12,4/3/20 10:18,384,{}
1.58593E+12,4/3/20 10:20,385,{}
1.58593E+12,4/3/20 10:21,386,{}
1.58594E+12,4/3/20 10:32,387,{}
1.58594E+12,4/3/20 10:36,388,{}
1.58594E+12,4/3/20 10:37,389,{}
1.58594E+12,4/3/20 10:44,390,{}
1.58594E+12,4/3/20 10:47,391,{}
1.58594E+12,4/3/20 10:56,392,{}
1.58594E+12,4/3/20 10:59,393,{}
1.58594E+12,4/3/20 11:04,394,{}
1.58594E+12,4/3/20 11:04,395,{}
1.58594E+12,4/3/20 11:08,396,{}
1.58594E+12,4/3/20 11:11,397,{}
1.58594E+12,4/3/20 11:15,398,{}
1.58594E+12,4/3/20 11:16,399,{}
1.58594E+12,4/3/20 11:18,400,{}
1.58594E+12,4/3/20 11:22,401,{}
1.58594E+12,4/3/20 11:32,402,{}
1.58594E+12,4/3/20 11:34,403,{}
1.58594E+12,4/3/20 11:36,404,{}
1.58594E+12,4/3/20 11:39,405,{}
1.58594E+12,4/3/20 11:39,406,{}
1.58594E+12,4/3/20 11:40,407,{}
1.58594E+12,4/3/20 11:42,408,{}
1.58594E+12,4/3/20 11:46,409,{}
1.58594E+12,4/3/20 11:46,410,{}
1.58594E+12,4/3/20 11:50,411,{}
1.58594E+12,4/3/20 11:56,412,{}
1.58594E+12,4/3/20 12:13,413,{}
1.58594E+12,4/3/20 12:16,414,{}
1.58594E+12,4/3/20 12:18,415,{}
1.58594E+12,4/3/20 12:25,416,{}
1.58594E+12,4/3/20 12:28,417,{}
1.58594E+12,4/3/20 12:31,418,{}
1.58594E+12,4/3/20 12:32,419,{}
1.58594E+12,4/3/20 12:35,420,{}
1.58594E+12,4/3/20 12:37,421,{}
1.58595E+12,4/3/20 13:36,423,{}
1.58595E+12,4/3/20 13:36,422,{}
1.58595E+12,4/3/20 13:37,424,{}
1.58595E+12,4/3/20 13:47,425,{}
1.58595E+12,4/3/20 13:55,426,{}
1.58595E+12,4/3/20 13:55,427,{}
1.58595E+12,4/3/20 13:55,428,{}
1.58595E+12,4/3/20 13:55,429,{}
1.58595E+12,4/3/20 13:55,430,{}
1.58595E+12,4/3/20 13:55,431,{}
1.58595E+12,4/3/20 14:21,432,{}
1.58595E+12,4/3/20 14:21,433,{}
1.58595E+12,4/3/20 14:41,434,{}
1.58595E+12,4/3/20 14:41,435,{}
1.58595E+12,4/3/20 14:44,436,{}
1.58595E+12,4/3/20 14:51,437,{}
1.58595E+12,4/3/20 15:00,438,{}
1.58595E+12,4/3/20 15:21,439,{}
1.58595E+12,4/3/20 15:21,440,{}
1.58595E+12,4/3/20 15:21,441,{}
1.58595E+12,4/3/20 15:21,443,{}
1.58595E+12,4/3/20 15:21,444,{}
1.58595E+12,4/3/20 15:21,442,{}
1.58595E+12,4/3/20 15:21,445,{}
1.58595E+12,4/3/20 15:21,446,{}
1.58595E+12,4/3/20 15:21,447,{}
1.58595E+12,4/3/20 15:21,448,{}
1.58595E+12,4/3/20 15:21,449,{}
1.58595E+12,4/3/20 15:43,450,{}
1.58596E+12,4/3/20 16:29,451,{}
1.58596E+12,4/3/20 16:34,452,{}
1.58596E+12,4/3/20 16:49,453,{}
1.58596E+12,4/3/20 17:16,454,{}
1.58596E+12,4/3/20 17:38,455,{}
1.58596E+12,4/3/20 17:39,456,{}
1.58596E+12,4/3/20 17:56,457,{}
1.58596E+12,4/3/20 18:05,458,{}
1.58596E+12,4/3/20 18:05,458,{}
1.58596E+12,4/3/20 18:16,459,{}
1.58596E+12,4/3/20 18:18,460,{}
1.58596E+12,4/3/20 18:18,461,{}
1.58596E+12,4/3/20 18:19,462,{}
1.58596E+12,4/3/20 18:19,463,{}
1.58596E+12,4/3/20 18:25,464,{}
1.58596E+12,4/3/20 18:26,465,{}
1.58596E+12,4/3/20 18:26,466,{}
1.58596E+12,4/3/20 18:26,467,{}
1.58596E+12,4/3/20 18:26,468,{}
1.58596E+12,4/3/20 18:27,470,{}
1.58596E+12,4/3/20 18:27,469,{}
1.58596E+12,4/3/20 18:27,471,{}
1.58596E+12,4/3/20 18:27,472,{}
1.58596E+12,4/3/20 18:27,473,{}
1.58596E+12,4/3/20 18:28,474,{}
1.58596E+12,4/3/20 18:29,475,{}
1.58596E+12,4/3/20 18:29,476,{}
1.58596E+12,4/3/20 18:33,477,{}
1.58596E+12,4/3/20 18:39,478,{}
1.58596E+12,4/3/20 18:44,479,{}
1.58597E+12,4/3/20 18:57,480,{}
1.58597E+12,4/3/20 20:40,481,{}
1.58598E+12,4/3/20 23:14,482,{}
1.58598E+12,4/3/20 23:18,483,{}
1.58598E+12,4/3/20 23:26,484,{}
1.58598E+12,4/3/20 23:43,485,{}
1.58598E+12,4/3/20 23:46,486,{}
1.58598E+12,4/3/20 23:46,487,{}
1.58598E+12,4/3/20 23:47,488,{}
1.58601E+12,4/4/20 7:49,489,{}
1.58601E+12,4/4/20 7:49,490,{}
1.58601E+12,4/4/20 7:49,491,{}
1.58601E+12,4/4/20 8:07,492,{}
1.58601E+12,4/4/20 8:08,493,{}
1.58602E+12,4/4/20 8:52,494,{}
1.58602E+12,4/4/20 8:53,495,{}
1.58602E+12,4/4/20 10:35,496,{}
1.58602E+12,4/4/20 10:46,497,{}
1.58602E+12,4/4/20 11:01,498,{}
1.58602E+12,4/4/20 11:02,499,{}
1.58602E+12,4/4/20 11:02,500,{}
1.58602E+12,4/4/20 11:02,501,{}
1.58602E+12,4/4/20 11:02,502,{}
1.58602E+12,4/4/20 11:02,503,{}
1.58602E+12,4/4/20 11:03,504,{}
1.58603E+12,4/4/20 13:50,505,{}
1.58603E+12,4/4/20 13:50,506,{}
1.58604E+12,4/4/20 16:26,507,{}
1.58604E+12,4/4/20 16:27,508,{}
1.58604E+12,4/4/20 16:27,509,{}
1.58604E+12,4/4/20 16:57,510,{}
1.58604E+12,4/4/20 17:00,511,{}
1.58605E+12,4/4/20 18:10,512,{}
1.58606E+12,4/4/20 21:16,513,{}
1.58606E+12,4/4/20 21:34,514,{}
1.58607E+12,4/4/20 22:40,515,{}
1.58607E+12,4/4/20 22:47,516,{}
1.58607E+12,4/5/20 0:01,517,{}
1.58607E+12,4/5/20 0:13,518,{}
1.58607E+12,4/5/20 0:13,519,{}
1.5861E+12,4/5/20 8:01,520,{}
1.5861E+12,4/5/20 8:02,521,{}
1.5861E+12,4/5/20 9:19,522,{}
1.5861E+12,4/5/20 9:19,523,{}
1.5861E+12,4/5/20 9:19,524,{}
1.58611E+12,4/5/20 10:03,525,{}
1.58611E+12,4/5/20 10:04,526,{}
1.58611E+12,4/5/20 10:34,527,{}
1.58611E+12,4/5/20 10:43,528,{}
1.58611E+12,4/5/20 10:44,529,{}
1.58611E+12,4/5/20 12:05,530,{}
1.58611E+12,4/5/20 12:06,531,{}
1.58611E+12,4/5/20 12:08,532,{}
1.58611E+12,4/5/20 12:09,533,{}
1.58611E+12,4/5/20 12:18,534,{}
1.58611E+12,4/5/20 12:21,535,{}
1.58612E+12,4/5/20 12:52,536,{}
1.58612E+12,4/5/20 13:21,537,{}
1.58612E+12,4/5/20 13:25,538,{}
1.58612E+12,4/5/20 13:28,539,{}
1.58612E+12,4/5/20 14:01,540,{}
1.58612E+12,4/5/20 14:01,541,{}
1.58612E+12,4/5/20 14:14,542,{}
1.58612E+12,4/5/20 14:23,543,{}
1.58612E+12,4/5/20 14:26,544,{}
1.58612E+12,4/5/20 14:44,545,{}
1.58612E+12,4/5/20 14:44,546,{}
1.58612E+12,4/5/20 14:44,547,{}
1.58613E+12,4/5/20 15:28,548,{}
1.58613E+12,4/5/20 15:30,549,{}
1.58613E+12,4/5/20 15:30,550,{}
1.58613E+12,4/5/20 15:31,551,{}
1.58613E+12,4/5/20 15:31,552,{}
1.58613E+12,4/5/20 15:31,553,{}
1.58613E+12,4/5/20 15:37,554,{}
1.58613E+12,4/5/20 15:38,555,{}
1.58613E+12,4/5/20 15:38,556,{}
1.58613E+12,4/5/20 15:38,557,{}
1.58613E+12,4/5/20 15:58,558,{}
1.58613E+12,4/5/20 15:59,559,{}
1.58613E+12,4/5/20 16:19,560,{}
1.58613E+12,4/5/20 16:20,561,{}
1.58613E+12,4/5/20 16:20,562,{}
1.58613E+12,4/5/20 16:21,563,{}
1.58613E+12,4/5/20 17:20,564,{}
1.58613E+12,4/5/20 17:22,567,{}
1.58613E+12,4/5/20 17:22,568,{}
1.58613E+12,4/5/20 17:40,569,{}
1.58613E+12,4/5/20 17:40,570,{}
1.58613E+12,4/5/20 17:40,571,{}
1.58613E+12,4/5/20 17:40,572,{}
1.58613E+12,4/5/20 17:40,573,{}
1.58613E+12,4/5/20 17:40,574,{}
1.58613E+12,4/5/20 17:40,575,{}
1.58613E+12,4/5/20 17:41,576,{}
1.58613E+12,4/5/20 17:41,577,{}
1.58613E+12,4/5/20 17:41,578,{}
1.58613E+12,4/5/20 17:41,579,{}
1.58613E+12,4/5/20 17:41,580,{}
1.58613E+12,4/5/20 17:41,581,{}
1.58613E+12,4/5/20 17:41,582,{}
1.58613E+12,4/5/20 17:41,583,{}
1.58613E+12,4/5/20 17:41,585,{}
1.58613E+12,4/5/20 17:41,586,{}
1.58613E+12,4/5/20 17:41,587,{}
1.58613E+12,4/5/20 17:41,588,{}
1.58613E+12,4/5/20 17:41,589,{}
1.58613E+12,4/5/20 17:41,584,{}
1.58613E+12,4/5/20 17:42,590,{}
1.58613E+12,4/5/20 17:42,592,{}
1.58613E+12,4/5/20 17:42,593,{}
1.58613E+12,4/5/20 17:43,594,{}
1.58613E+12,4/5/20 17:43,595,{}
1.58613E+12,4/5/20 17:43,596,{}
1.58613E+12,4/5/20 17:43,597,{}
1.58613E+12,4/5/20 17:43,598,{}
1.58613E+12,4/5/20 17:43,599,{}
1.58613E+12,4/5/20 17:43,600,{}
1.58613E+12,4/5/20 17:43,601,{}
1.58613E+12,4/5/20 17:43,606,{}
1.58613E+12,4/5/20 17:43,607,{}
1.58613E+12,4/5/20 17:43,608,{}
1.58613E+12,4/5/20 17:43,609,{}
1.58613E+12,4/5/20 17:43,610,{}
1.58613E+12,4/5/20 17:43,611,{}
1.58613E+12,4/5/20 17:43,612,{}
1.58613E+12,4/5/20 17:44,614,{}
1.58613E+12,4/5/20 17:44,616,{}
1.58613E+12,4/5/20 17:44,617,{}
1.58613E+12,4/5/20 17:44,618,{}
1.58613E+12,4/5/20 17:44,619,{}
1.58613E+12,4/5/20 17:44,620,{}
1.58613E+12,4/5/20 17:44,621,{}
1.58613E+12,4/5/20 17:44,622,{}
1.58613E+12,4/5/20 17:44,623,{}
1.58613E+12,4/5/20 17:44,625,{}
1.58613E+12,4/5/20 17:44,626,{}
1.58613E+12,4/5/20 17:44,627,{}
1.58613E+12,4/5/20 17:44,628,{}
1.58613E+12,4/5/20 17:44,630,{}
1.58613E+12,4/5/20 17:45,635,{}
1.58613E+12,4/5/20 17:45,636,{}
1.58613E+12,4/5/20 17:45,637,{}
1.58613E+12,4/5/20 17:45,638,{}
1.58613E+12,4/5/20 17:45,639,{}
1.58613E+12,4/5/20 17:45,640,{}
1.58613E+12,4/5/20 17:45,641,{}
1.58613E+12,4/5/20 17:45,642,{}
1.58613E+12,4/5/20 17:45,643,{}
1.58613E+12,4/5/20 17:45,644,{}
1.58613E+12,4/5/20 17:45,645,{}
1.58613E+12,4/5/20 17:45,646,{}
1.58613E+12,4/5/20 17:45,647,{}
1.58613E+12,4/5/20 17:45,648,{}
1.58613E+12,4/5/20 17:45,649,{}
1.58613E+12,4/5/20 17:45,650,{}
1.58613E+12,4/5/20 17:45,656,{}
1.58613E+12,4/5/20 17:45,659,{}
1.58613E+12,4/5/20 17:45,660,{}
1.58613E+12,4/5/20 17:45,661,{}
1.58613E+12,4/5/20 17:45,662,{}
1.58613E+12,4/5/20 17:45,663,{}
1.58613E+12,4/5/20 17:45,664,{}
1.58613E+12,4/5/20 17:45,665,{}
1.58613E+12,4/5/20 17:45,666,{}
1.58613E+12,4/5/20 17:45,667,{}
1.58613E+12,4/5/20 17:46,668,{}
1.58613E+12,4/5/20 17:46,669,{}
1.58613E+12,4/5/20 17:46,670,{}
1.58613E+12,4/5/20 17:46,672,{}
1.58613E+12,4/5/20 17:46,673,{}
1.58613E+12,4/5/20 17:46,676,{}
1.58613E+12,4/5/20 17:46,678,{}
1.58613E+12,4/5/20 17:46,679,{}
1.58613E+12,4/5/20 17:46,680,{}
1.58613E+12,4/5/20 17:46,681,{}
1.58613E+12,4/5/20 17:46,682,{}
1.58613E+12,4/5/20 17:46,683,{}
1.58613E+12,4/5/20 17:46,684,{}
1.58613E+12,4/5/20 17:46,685,{}
1.58613E+12,4/5/20 17:46,687,{}
1.58613E+12,4/5/20 17:46,671,{}
1.58613E+12,4/5/20 17:46,688,{}
1.58613E+12,4/5/20 17:46,689,{}
1.58613E+12,4/5/20 17:46,690,{}
1.58613E+12,4/5/20 17:46,674,{}
1.58613E+12,4/5/20 17:46,691,{}
1.58613E+12,4/5/20 17:46,692,{}
1.58613E+12,4/5/20 17:46,693,{}
1.58613E+12,4/5/20 17:46,694,{}
1.58613E+12,4/5/20 17:46,695,{}
1.58613E+12,4/5/20 17:46,696,{}
1.58613E+12,4/5/20 17:46,697,{}
1.58613E+12,4/5/20 17:46,698,{}
1.58613E+12,4/5/20 17:46,699,{}
1.58613E+12,4/5/20 17:46,701,{}
1.58613E+12,4/5/20 17:47,702,{}
1.58613E+12,4/5/20 17:47,703,{}
1.58613E+12,4/5/20 17:47,704,{}
1.58613E+12,4/5/20 17:47,705,{}
1.58613E+12,4/5/20 17:47,686,{}
1.58613E+12,4/5/20 17:47,706,{}
1.58613E+12,4/5/20 17:47,707,{}
1.58613E+12,4/5/20 17:47,708,{}
1.58613E+12,4/5/20 17:47,709,{}
1.58613E+12,4/5/20 17:47,710,{}
1.58613E+12,4/5/20 17:47,711,{}
1.58613E+12,4/5/20 17:47,712,{}
1.58613E+12,4/5/20 17:47,713,{}
1.58613E+12,4/5/20 17:47,714,{}
1.58613E+12,4/5/20 17:47,715,{}
1.58613E+12,4/5/20 17:47,716,{}
1.58613E+12,4/5/20 17:47,717,{}
1.58613E+12,4/5/20 17:47,718,{}
1.58613E+12,4/5/20 17:47,719,{}
1.58613E+12,4/5/20 17:47,720,{}
1.58613E+12,4/5/20 17:47,721,{}
1.58613E+12,4/5/20 17:47,722,{}
1.58613E+12,4/5/20 17:47,723,{}
1.58613E+12,4/5/20 17:47,725,{}
1.58613E+12,4/5/20 17:48,733,{}
1.58613E+12,4/5/20 17:48,735,{}
1.58613E+12,4/5/20 17:48,736,{}
1.58613E+12,4/5/20 17:48,746,{}
1.58613E+12,4/5/20 17:48,734,{}
1.58613E+12,4/5/20 17:48,747,{}
1.58613E+12,4/5/20 17:48,748,{}
1.58613E+12,4/5/20 17:48,749,{}
1.58613E+12,4/5/20 17:48,740,{}
1.58613E+12,4/5/20 17:48,750,{}
1.58613E+12,4/5/20 17:48,751,{}
1.58613E+12,4/5/20 17:48,752,{}
1.58613E+12,4/5/20 17:49,753,{}
1.58613E+12,4/5/20 17:49,754,{}
1.58613E+12,4/5/20 17:49,755,{}
1.58613E+12,4/5/20 17:49,756,{}
1.58613E+12,4/5/20 17:49,757,{}
1.58613E+12,4/5/20 17:49,759,{}
1.58613E+12,4/5/20 17:49,761,{}
1.58613E+12,4/5/20 17:49,762,{}
1.58613E+12,4/5/20 17:49,763,{}
1.58613E+12,4/5/20 17:49,764,{}
1.58613E+12,4/5/20 17:49,765,{}
1.58613E+12,4/5/20 17:49,766,{}
1.58613E+12,4/5/20 17:49,768,{}
1.58613E+12,4/5/20 17:49,769,{}
1.58613E+12,4/5/20 17:49,770,{}
1.58613E+12,4/5/20 17:49,771,{}
1.58613E+12,4/5/20 17:50,772,{}
1.58613E+12,4/5/20 17:50,773,{}
1.58613E+12,4/5/20 17:50,774,{}
1.58613E+12,4/5/20 17:50,775,{}
1.58613E+12,4/5/20 17:50,776,{}
1.58613E+12,4/5/20 17:50,767,{}
1.58613E+12,4/5/20 17:50,777,{}
1.58613E+12,4/5/20 17:51,778,{}
1.58614E+12,4/5/20 18:40,779,{}
1.58614E+12,4/5/20 18:41,780,{}
1.58614E+12,4/5/20 18:41,781,{}
1.58614E+12,4/5/20 18:41,782,{}
1.58614E+12,4/5/20 18:47,783,{}
1.58614E+12,4/5/20 19:20,784,{}
1.58614E+12,4/5/20 19:52,785,{}
1.58614E+12,4/5/20 20:03,786,{}
1.58614E+12,4/5/20 20:03,787,{}
1.58614E+12,4/5/20 20:03,788,{}
1.58614E+12,4/5/20 20:05,789,{}
1.58614E+12,4/5/20 20:25,790,{}
1.58614E+12,4/5/20 20:38,791,{}
1.58614E+12,4/5/20 20:39,792,{}
1.58614E+12,4/5/20 20:39,793,{}
1.58615E+12,4/5/20 21:18,794,{}
1.58615E+12,4/5/20 21:26,795,{}
1.58615E+12,4/5/20 21:26,796,{}
1.58615E+12,4/5/20 21:32,797,{}
1.58615E+12,4/5/20 21:32,798,{}
1.58615E+12,4/5/20 22:43,799,{}
1.58615E+12,4/5/20 22:43,800,{}
1.58615E+12,4/5/20 22:48,801,{}
1.58615E+12,4/5/20 22:48,802,{}
1.58615E+12,4/5/20 22:50,803,{}
1.58615E+12,4/5/20 22:52,804,{}
1.58615E+12,4/5/20 22:53,805,{}
1.58615E+12,4/5/20 22:53,806,{}
1.58615E+12,4/5/20 23:00,807,{}
1.58615E+12,4/5/20 23:00,808,{}
1.58615E+12,4/5/20 23:00,809,{}
1.58615E+12,4/5/20 23:00,810,{}
1.58615E+12,4/5/20 23:00,811,{}
1.58615E+12,4/5/20 23:00,812,{}
1.58615E+12,4/5/20 23:01,813,{}
1.58615E+12,4/5/20 23:01,814,{}
1.58615E+12,4/5/20 23:01,815,{}
1.58615E+12,4/5/20 23:01,816,{}
1.58615E+12,4/5/20 23:01,817,{}
1.58615E+12,4/5/20 23:01,818,{}
1.58615E+12,4/5/20 23:01,819,{}
1.58615E+12,4/5/20 23:01,820,{}
1.58615E+12,4/5/20 23:01,821,{}
1.58615E+12,4/5/20 23:01,822,{}
1.58615E+12,4/5/20 23:01,823,{}
1.58615E+12,4/5/20 23:01,824,{}
1.58615E+12,4/5/20 23:01,825,{}
1.58615E+12,4/5/20 23:01,826,{}
1.58615E+12,4/5/20 23:01,827,{}
1.58615E+12,4/5/20 23:01,828,{}
1.58615E+12,4/5/20 23:01,829,{}
1.58615E+12,4/5/20 23:03,830,{}
1.58615E+12,4/5/20 23:03,831,{}
1.58615E+12,4/5/20 23:05,832,{}
1.58615E+12,4/5/20 23:15,833,{}
1.58616E+12,4/6/20 0:41,834,{}
1.58618E+12,4/6/20 7:07,835,{}
1.58618E+12,4/6/20 7:07,836,{}
1.58618E+12,4/6/20 7:07,837,{}
1.58618E+12,4/6/20 7:52,838,{}
1.58618E+12,4/6/20 7:52,839,{}
1.58619E+12,4/6/20 9:17,840,{}
1.58619E+12,4/6/20 9:17,841,{}
1.58619E+12,4/6/20 9:28,842,{}
1.58619E+12,4/6/20 10:27,843,{}
1.58619E+12,4/6/20 10:29,844,{}
1.5862E+12,4/6/20 11:29,845,{}
1.5862E+12,4/6/20 11:58,846,{}
1.5862E+12,4/6/20 12:43,847,{}
1.58621E+12,4/6/20 16:05,849,{}
1.58621E+12,4/6/20 16:07,850,{}
1.58622E+12,4/6/20 16:41,851,{}
1.58622E+12,4/6/20 16:41,852,{}
1.58622E+12,4/6/20 16:41,853,{}
1.58622E+12,4/6/20 17:00,854,{}
1.58622E+12,4/6/20 17:01,856,{}
1.58622E+12,4/6/20 17:01,855,{}
1.58622E+12,4/6/20 17:01,857,{}
1.58622E+12,4/6/20 17:01,857,{}
1.58622E+12,4/6/20 17:08,858,{}
1.58622E+12,4/6/20 17:15,859,{}
1.58622E+12,4/6/20 17:43,860,{}
1.58622E+12,4/6/20 18:20,861,{}
1.58622E+12,4/6/20 18:20,862,{}
1.58622E+12,4/6/20 18:20,863,{}
1.58622E+12,4/6/20 18:20,864,{}
1.58622E+12,4/6/20 18:22,865,{}
1.58622E+12,4/6/20 18:30,866,{}
1.58622E+12,4/6/20 18:49,867,{}
1.58623E+12,4/6/20 19:35,868,{}
1.58623E+12,4/6/20 20:59,869,{}
1.58623E+12,4/6/20 21:44,870,{}
1.58623E+12,4/6/20 21:45,871,{}
1.58624E+12,4/6/20 22:27,872,{}
1.58624E+12,4/6/20 23:00,873,{}
1.58624E+12,4/6/20 23:00,874,{}
1.58624E+12,4/6/20 23:00,875,{}
1.58624E+12,4/6/20 23:07,876,{}
1.58624E+12,4/6/20 23:09,877,{}
1.58624E+12,4/6/20 23:10,878,{}
1.58627E+12,4/7/20 7:31,879,{}
1.58627E+12,4/7/20 7:31,880,{}
1.58627E+12,4/7/20 7:31,881,{}
1.58627E+12,4/7/20 7:31,882,{}
1.58627E+12,4/7/20 7:31,883,{}
1.58627E+12,4/7/20 8:06,884,{}
1.58627E+12,4/7/20 8:07,885,{}
1.58627E+12,4/7/20 8:21,886,{}
1.58627E+12,4/7/20 8:21,887,{}
1.58627E+12,4/7/20 8:26,888,{}
1.58627E+12,4/7/20 8:33,889,{}
1.58627E+12,4/7/20 8:34,890,{}
1.58627E+12,4/7/20 8:34,891,{}
1.58627E+12,4/7/20 8:40,892,{}
1.58628E+12,4/7/20 9:12,893,{}
1.58628E+12,4/7/20 9:14,894,{}
1.58628E+12,4/7/20 9:22,895,{}
1.58628E+12,4/7/20 9:22,896,{}
1.58628E+12,4/7/20 9:54,897,{}
1.58628E+12,4/7/20 10:05,898,{}
1.58628E+12,4/7/20 10:06,899,{}
1.58628E+12,4/7/20 10:11,900,{}
1.58628E+12,4/7/20 10:11,901,{}
1.58628E+12,4/7/20 10:11,902,{}
1.58628E+12,4/7/20 10:14,903,{}
1.58628E+12,4/7/20 10:19,904,{}
1.58628E+12,4/7/20 10:33,905,{}
1.58628E+12,4/7/20 10:35,906,{}
1.58628E+12,4/7/20 10:40,907,{}
1.58628E+12,4/7/20 10:40,908,{}
1.58628E+12,4/7/20 10:44,909,{}
1.58628E+12,4/7/20 10:52,910,{}
1.58628E+12,4/7/20 10:57,911,{}
1.58628E+12,4/7/20 10:58,912,{}
1.58628E+12,4/7/20 10:59,913,{}
1.58628E+12,4/7/20 11:06,914,{}
1.58628E+12,4/7/20 11:12,915,{}
1.58628E+12,4/7/20 11:14,916,{}
1.58628E+12,4/7/20 11:20,917,{}
1.58628E+12,4/7/20 11:25,918,{}
1.58628E+12,4/7/20 11:26,919,{}
1.58628E+12,4/7/20 11:26,920,{}
1.58628E+12,4/7/20 11:27,921,{}
1.58628E+12,4/7/20 11:39,922,{}
1.58629E+12,4/7/20 11:44,923,{}
1.58629E+12,4/7/20 11:45,924,{}
1.58629E+12,4/7/20 11:46,925,{}
1.58629E+12,4/7/20 11:55,926,{}
1.58629E+12,4/7/20 12:08,927,{}
1.58629E+12,4/7/20 12:10,928,{}
1.58629E+12,4/7/20 12:12,929,{}
1.58629E+12,4/7/20 12:13,930,{}
1.58629E+12,4/7/20 12:14,931,{}
1.58629E+12,4/7/20 12:15,932,{}
1.58629E+12,4/7/20 12:16,933,{}
1.58629E+12,4/7/20 12:19,934,{}
1.58629E+12,4/7/20 12:24,935,{}
1.58629E+12,4/7/20 12:33,936,{}
1.58629E+12,4/7/20 12:43,937,{}
1.58629E+12,4/7/20 12:43,938,{}
1.58629E+12,4/7/20 12:44,939,{}
1.58629E+12,4/7/20 12:48,940,{}
1.58629E+12,4/7/20 12:51,941,{}
1.58629E+12,4/7/20 12:54,942,{}
1.58629E+12,4/7/20 13:21,943,{}
1.58629E+12,4/7/20 13:46,944,{}
1.58629E+12,4/7/20 13:55,945,{}
1.58629E+12,4/7/20 13:55,946,{}
1.58629E+12,4/7/20 13:57,947,{}
1.58629E+12,4/7/20 13:57,948,{}
1.58629E+12,4/7/20 13:59,949,{}
1.58629E+12,4/7/20 13:59,950,{}
1.58629E+12,4/7/20 13:59,951,{}
1.58629E+12,4/7/20 14:02,952,{}
1.58629E+12,4/7/20 14:03,953,{}
1.58629E+12,4/7/20 14:14,954,{}
1.58629E+12,4/7/20 14:29,955,{}
1.5863E+12,4/7/20 14:56,956,{}
1.5863E+12,4/7/20 14:57,957,{}
1.5863E+12,4/7/20 14:58,958,{}
1.5863E+12,4/7/20 15:26,959,{}
1.5863E+12,4/7/20 15:26,960,{}
1.5863E+12,4/7/20 15:27,961,{}
1.5863E+12,4/7/20 15:59,962,{}
1.5863E+12,4/7/20 15:59,963,{}
1.5863E+12,4/7/20 16:25,964,{}
1.5863E+12,4/7/20 16:57,965,{}
1.5863E+12,4/7/20 17:02,966,{}
1.5863E+12,4/7/20 17:05,967,{}
1.5863E+12,4/7/20 17:07,968,{}
1.5863E+12,4/7/20 17:08,969,{}
1.5863E+12,4/7/20 17:08,971,{}
1.5863E+12,4/7/20 17:08,970,{}
1.5863E+12,4/7/20 17:09,972,{}
1.5863E+12,4/7/20 17:09,973,{}
1.58631E+12,4/7/20 17:33,974,{}
1.58631E+12,4/7/20 17:33,975,{}
1.58631E+12,4/7/20 18:38,976,{}
1.58631E+12,4/7/20 18:38,977,{}
1.58631E+12,4/7/20 19:46,978,{}
1.58632E+12,4/7/20 20:31,979,{}
1.58632E+12,4/7/20 21:03,980,{}
1.58632E+12,4/7/20 21:11,981,{}
1.58632E+12,4/7/20 21:11,982,{}
1.58632E+12,4/7/20 21:11,983,{}
1.58632E+12,4/7/20 21:15,984,{}
1.58632E+12,4/7/20 21:20,985,{}
1.58632E+12,4/7/20 21:20,986,{}
1.58632E+12,4/7/20 21:20,988,{}
1.58632E+12,4/7/20 21:20,989,{}
1.58632E+12,4/7/20 21:20,987,{}
1.58632E+12,4/7/20 21:20,990,{}
1.58632E+12,4/7/20 21:20,991,{}
1.58632E+12,4/7/20 21:20,992,{}
1.58632E+12,4/7/20 21:21,993,{}
1.58632E+12,4/7/20 21:21,994,{}
1.58632E+12,4/7/20 21:21,995,{}
1.58632E+12,4/7/20 21:22,996,{}
1.58632E+12,4/7/20 21:26,997,{}
1.58632E+12,4/7/20 21:39,998,{}
1.58632E+12,4/7/20 22:49,999,{}
1.58633E+12,4/7/20 22:50,1000,{}
1.58633E+12,4/7/20 23:00,1001,{}
1.58634E+12,4/8/20 3:16,1002,{}
1.58636E+12,4/8/20 7:16,1003,{}
1.58636E+12,4/8/20 7:52,1004,{}
1.58636E+12,4/8/20 7:53,1005,{}
1.58636E+12,4/8/20 9:02,1006,{}
1.58636E+12,4/8/20 9:02,1007,{}
1.58636E+12,4/8/20 9:02,1008,{}
1.58636E+12,4/8/20 9:29,1009,{}
1.58636E+12,4/8/20 9:34,1011,{}
1.58636E+12,4/8/20 9:34,1010,{}
1.58637E+12,4/8/20 11:06,1014,{}
1.58637E+12,4/8/20 11:46,1016,{}
1.58637E+12,4/8/20 12:14,1017,{}
1.58637E+12,4/8/20 12:17,1018,{}
1.58637E+12,4/8/20 12:22,1019,{}
1.58638E+12,4/8/20 14:42,1020,{}
1.58638E+12,4/8/20 15:20,1021,{}
1.58639E+12,4/8/20 15:40,1022,{}
1.58639E+12,4/8/20 16:19,1023,{}
1.58639E+12,4/8/20 16:19,1024,{}
1.58639E+12,4/8/20 16:20,1025,{}
1.58639E+12,4/8/20 16:23,1026,{}
1.58639E+12,4/8/20 16:24,1027,{}
1.58639E+12,4/8/20 16:28,1028,{}
1.58639E+12,4/8/20 16:28,1029,{}
1.58639E+12,4/8/20 16:30,1030,{}
1.58639E+12,4/8/20 16:30,1031,{}
1.58639E+12,4/8/20 16:32,1032,{}
1.58639E+12,4/8/20 16:33,1033,{}
1.58639E+12,4/8/20 16:34,1034,{}
1.58639E+12,4/8/20 16:34,1035,{}
1.58639E+12,4/8/20 16:34,1036,{}
1.58639E+12,4/8/20 16:34,1037,{}
1.58639E+12,4/8/20 16:35,1038,{}
1.58639E+12,4/8/20 16:35,1039,{}
1.58639E+12,4/8/20 16:35,1040,{}
1.58639E+12,4/8/20 16:35,1041,{}
1.58639E+12,4/8/20 16:35,1042,{}
1.58639E+12,4/8/20 16:35,1043,{}
1.58639E+12,4/8/20 16:36,1044,{}
1.58639E+12,4/8/20 16:41,1045,{}
1.58639E+12,4/8/20 16:42,1046,{}
1.58639E+12,4/8/20 16:44,1047,{}
1.58639E+12,4/8/20 17:07,1048,{}
1.58639E+12,4/8/20 17:07,1049,{}
1.58639E+12,4/8/20 17:56,1050,{}
1.5864E+12,4/8/20 18:20,1051,{}
1.5864E+12,4/8/20 18:20,1052,{}
1.5864E+12,4/8/20 18:20,1055,{}
1.5864E+12,4/8/20 18:20,1054,{}
1.5864E+12,4/8/20 18:20,1053,{}
1.5864E+12,4/8/20 19:52,1056,{}
1.5864E+12,4/8/20 20:41,1057,{}
1.58641E+12,4/8/20 21:18,1058,{}
1.58641E+12,4/8/20 21:18,1059,{}
1.58641E+12,4/8/20 21:20,1060,{}
1.58641E+12,4/8/20 21:20,1061,{}
1.58641E+12,4/8/20 21:21,1062,{}
1.58641E+12,4/8/20 21:21,1063,{}
1.58641E+12,4/8/20 21:33,1064,{}
1.58641E+12,4/8/20 21:33,1065,{}
1.58641E+12,4/8/20 22:14,1066,{}
1.58641E+12,4/8/20 22:53,1067,{}
1.58641E+12,4/8/20 23:13,1068,{}
1.58642E+12,4/9/20 1:10,1069,{}
1.58644E+12,4/9/20 7:16,1070,{}
1.58644E+12,4/9/20 7:16,1071,{}
1.58644E+12,4/9/20 7:17,1072,{}
1.58644E+12,4/9/20 7:39,1073,{}
1.58644E+12,4/9/20 7:53,1074,{}
1.58644E+12,4/9/20 7:53,1075,{}
1.58645E+12,4/9/20 9:07,1076,{}
1.58645E+12,4/9/20 9:15,1077,{}
1.58645E+12,4/9/20 9:15,1078,{}
1.58645E+12,4/9/20 9:27,1079,{}
1.58645E+12,4/9/20 10:02,1080,{}
1.58645E+12,4/9/20 10:12,1081,{}
1.58645E+12,4/9/20 10:13,1082,{}
1.58645E+12,4/9/20 10:46,1083,{}
1.58646E+12,4/9/20 11:32,1084,{}
1.58646E+12,4/9/20 11:32,1085,{}
1.58646E+12,4/9/20 12:02,1086,{}
1.58646E+12,4/9/20 12:03,1087,{}
1.58646E+12,4/9/20 12:14,1088,{}
1.58646E+12,4/9/20 12:21,1089,{}
1.58646E+12,4/9/20 12:21,1090,{}
1.58646E+12,4/9/20 12:22,1091,{}
1.58646E+12,4/9/20 12:23,1092,{}
1.58646E+12,4/9/20 12:31,1093,{}
1.58646E+12,4/9/20 13:11,1094,{}
1.58647E+12,4/9/20 14:35,1095,{}
1.58647E+12,4/9/20 14:35,1096,{}
1.58647E+12,4/9/20 14:36,1097,{}
1.58647E+12,4/9/20 14:56,1098,{}
1.58647E+12,4/9/20 15:11,1099,{}
1.58647E+12,4/9/20 15:33,1100,{}
1.58647E+12,4/9/20 16:05,1101,{}
1.58649E+12,4/9/20 20:00,1102,{}
1.58649E+12,4/9/20 20:05,1103,{}
1.58649E+12,4/9/20 20:06,1104,{}
1.58649E+12,4/9/20 20:06,1105,{}
1.58649E+12,4/9/20 20:07,1106,{}
1.58649E+12,4/9/20 20:46,1107,{}
1.58649E+12,4/9/20 20:48,1108,{}
1.58649E+12,4/9/20 20:48,1109,{}
1.58649E+12,4/9/20 20:55,1110,{}
1.5865E+12,4/9/20 22:56,1111,{}
1.5865E+12,4/9/20 23:17,1112,{}
1.5865E+12,4/9/20 23:17,1113,{}
1.5865E+12,4/9/20 23:17,1114,{}
1.5865E+12,4/9/20 23:24,1115,{}
1.5865E+12,4/9/20 23:33,1116,{}
1.5865E+12,4/9/20 23:33,1117,{}
1.5865E+12,4/9/20 23:33,1118,{}
1.5865E+12,4/9/20 23:33,1119,{}
1.5865E+12,4/9/20 23:33,1120,{}
1.58653E+12,4/10/20 8:14,1121,{}
1.58653E+12,4/10/20 8:14,1122,{}
1.58653E+12,4/10/20 8:15,1123,{}
1.58653E+12,4/10/20 8:22,1124,{}
1.58653E+12,4/10/20 8:52,1125,{}
1.58653E+12,4/10/20 8:52,1126,{}
1.58653E+12,4/10/20 8:53,1127,{}
1.58653E+12,4/10/20 8:54,1128,{}
1.58653E+12,4/10/20 8:54,1129,{}
1.58653E+12,4/10/20 9:03,1130,{}
1.58654E+12,4/10/20 9:14,1131,{}
1.58654E+12,4/10/20 9:28,1132,{}
1.58654E+12,4/10/20 10:16,1133,{}
1.58654E+12,4/10/20 10:16,1134,{}
1.58654E+12,4/10/20 10:50,1135,{}
1.58654E+12,4/10/20 11:19,1136,{}
1.58654E+12,4/10/20 11:21,1137,{}
1.58654E+12,4/10/20 11:23,1138,{}
1.58654E+12,4/10/20 11:25,1139,{}
1.58654E+12,4/10/20 11:27,1140,{}
1.58654E+12,4/10/20 11:29,1141,{}
1.58654E+12,4/10/20 11:31,1142,{}
1.58654E+12,4/10/20 11:35,1143,{}
1.58654E+12,4/10/20 11:36,1144,{}
1.58654E+12,4/10/20 11:37,1145,{}
1.58654E+12,4/10/20 11:39,1146,{}
1.58654E+12,4/10/20 11:39,1147,{}
1.58654E+12,4/10/20 11:40,1148,{}
1.58654E+12,4/10/20 11:42,1149,{}
1.58654E+12,4/10/20 11:54,1150,{}
1.58654E+12,4/10/20 11:56,1151,{}
1.58655E+12,4/10/20 11:58,1152,{}
1.58655E+12,4/10/20 11:58,1153,{}
1.58655E+12,4/10/20 12:00,1154,{}
1.58655E+12,4/10/20 12:04,1155,{}
1.58655E+12,4/10/20 12:06,1156,{}
1.58655E+12,4/10/20 12:09,1157,{}
1.58655E+12,4/10/20 12:10,1158,{}
1.58655E+12,4/10/20 12:12,1159,{}
1.58655E+12,4/10/20 12:13,1160,{}
1.58655E+12,4/10/20 12:20,1161,{}
1.58655E+12,4/10/20 12:20,1162,{}
1.58655E+12,4/10/20 12:22,1163,{}
1.58655E+12,4/10/20 12:33,1164,{}
1.58655E+12,4/10/20 12:34,1165,{}
1.58655E+12,4/10/20 12:41,1166,{}
1.58655E+12,4/10/20 12:43,1167,{}
1.58655E+12,4/10/20 13:09,1168,{}
1.58655E+12,4/10/20 13:54,1169,{}
1.58655E+12,4/10/20 13:59,1170,{}
1.58655E+12,4/10/20 14:01,1171,{}
1.58655E+12,4/10/20 14:42,1172,{}
1.58657E+12,4/10/20 19:38,1173,{}
1.58657E+12,4/10/20 19:39,1174,{}
1.58658E+12,4/10/20 20:30,1175,{}
1.58658E+12,4/10/20 20:49,1176,{}
1.58658E+12,4/10/20 21:00,1177,{}
1.58658E+12,4/10/20 21:29,1178,{}
1.58659E+12,4/10/20 23:14,1179,{}
1.58659E+12,4/10/20 23:20,1180,{}
1.58659E+12,4/10/20 23:28,1181,{}
1.58659E+12,4/11/20 0:38,1182,{}
1.58659E+12,4/11/20 0:53,1183,{}
1.58659E+12,4/11/20 0:54,1184,{}
1.58662E+12,4/11/20 8:23,1185,{}
1.58662E+12,4/11/20 9:08,1186,{}
1.58662E+12,4/11/20 9:44,1187,{}
1.58662E+12,4/11/20 9:57,1188,{}
1.58662E+12,4/11/20 9:57,1189,{}
1.58662E+12,4/11/20 10:02,1190,{}
1.58662E+12,4/11/20 10:06,1191,{}
1.58662E+12,4/11/20 10:08,1192,{}
1.58663E+12,4/11/20 10:47,1193,{}
1.58663E+12,4/11/20 10:49,1194,{}
1.58664E+12,4/11/20 13:32,1195,{}
1.58664E+12,4/11/20 14:31,1196,{}
1.58664E+12,4/11/20 14:32,1197,{}
1.58666E+12,4/11/20 20:35,1198,{}
1.58666E+12,4/11/20 20:36,1199,{}
1.58666E+12,4/11/20 21:09,1200,{}
1.58666E+12,4/11/20 21:12,1201,{}
1.58667E+12,4/11/20 21:36,1202,{}
1.58667E+12,4/11/20 22:31,1203,{}
1.58667E+12,4/11/20 22:48,1204,{}
1.58667E+12,4/11/20 22:51,1205,{}
1.58667E+12,4/11/20 22:53,1206,{}
1.58667E+12,4/11/20 22:55,1207,{}
1.58667E+12,4/11/20 23:29,1208,{}
1.58669E+12,4/12/20 3:43,1209,{}
1.58671E+12,4/12/20 8:44,1210,{}
1.58671E+12,4/12/20 8:44,1211,{}
1.58671E+12,4/12/20 9:12,1212,{}
1.58671E+12,4/12/20 9:23,1213,{}
1.58671E+12,4/12/20 9:23,1214,{}
1.58671E+12,4/12/20 9:23,1215,{}
1.58671E+12,4/12/20 9:26,1217,{}
1.58671E+12,4/12/20 9:59,1218,{}
1.58671E+12,4/12/20 10:13,1219,{}
1.58671E+12,4/12/20 10:53,1220,{}
1.58671E+12,4/12/20 10:53,1221,{}
1.58671E+12,4/12/20 11:06,1222,{}
1.58671E+12,4/12/20 11:06,1223,{}
1.58671E+12,4/12/20 11:06,1224,{}
1.58672E+12,4/12/20 11:39,1225,{}
1.58672E+12,4/12/20 11:39,1226,{}
1.58672E+12,4/12/20 11:40,1227,{}
1.58672E+12,4/12/20 11:40,1228,{}
1.58672E+12,4/12/20 11:40,1229,{}
1.58672E+12,4/12/20 11:40,1230,{}
1.58672E+12,4/12/20 11:40,1232,{}
1.58672E+12,4/12/20 11:40,1231,{}
1.58672E+12,4/12/20 11:40,1233,{}
1.58672E+12,4/12/20 11:40,1234,{}
1.58672E+12,4/12/20 12:05,1235,{}
1.58672E+12,4/12/20 12:06,1236,{}
1.58672E+12,4/12/20 12:06,1237,{}
1.58672E+12,4/12/20 12:09,1238,{}
1.58673E+12,4/12/20 14:45,1239,{}
1.58673E+12,4/12/20 14:45,1240,{}
1.58673E+12,4/12/20 14:46,1241,{}
1.58673E+12,4/12/20 14:46,1242,{}
1.58673E+12,4/12/20 14:49,1243,{}
1.58673E+12,4/12/20 15:12,1244,{}
1.58673E+12,4/12/20 15:20,1245,{}
1.58673E+12,4/12/20 15:33,1246,{}
1.58673E+12,4/12/20 15:33,1247,{}
1.58673E+12,4/12/20 15:57,1248,{}
1.58673E+12,4/12/20 16:07,1249,{}
1.58673E+12,4/12/20 16:39,1250,{}
1.58674E+12,4/12/20 16:58,1252,{}
1.58674E+12,4/12/20 16:58,1253,{}
1.58674E+12,4/12/20 16:58,1254,{}
1.58674E+12,4/12/20 16:58,1255,{}
1.58674E+12,4/12/20 16:58,1256,{}
1.58674E+12,4/12/20 16:58,1257,{}
1.58674E+12,4/12/20 17:07,1258,{}
1.58674E+12,4/12/20 17:13,1259,{}
1.58674E+12,4/12/20 17:17,1260,{}
1.58674E+12,4/12/20 17:19,1261,{}
1.58674E+12,4/12/20 17:19,1262,{}
1.58674E+12,4/12/20 17:19,1263,{}
1.58674E+12,4/12/20 17:19,1264,{}
1.58674E+12,4/12/20 17:19,1265,{}
1.58674E+12,4/12/20 17:19,1266,{}
1.58674E+12,4/12/20 17:19,1267,{}
1.58674E+12,4/12/20 17:19,1268,{}
1.58674E+12,4/12/20 17:20,1269,{}
1.58674E+12,4/12/20 17:20,1270,{}
1.58674E+12,4/12/20 17:20,1271,{}
1.58674E+12,4/12/20 17:20,1272,{}
1.58674E+12,4/12/20 17:20,1273,{}
1.58674E+12,4/12/20 17:20,1274,{}
1.58674E+12,4/12/20 17:20,1275,{}
1.58674E+12,4/12/20 17:20,1276,{}
1.58674E+12,4/12/20 17:20,1277,{}
1.58674E+12,4/12/20 17:20,1278,{}
1.58674E+12,4/12/20 17:20,1280,{}
1.58674E+12,4/12/20 17:20,1279,{}
1.58674E+12,4/12/20 17:20,1281,{}
1.58674E+12,4/12/20 17:20,1282,{}
1.58674E+12,4/12/20 17:20,1283,{}
1.58674E+12,4/12/20 17:20,1284,{}
1.58674E+12,4/12/20 17:21,1285,{}
1.58674E+12,4/12/20 17:21,1286,{}
1.58674E+12,4/12/20 17:21,1287,{}
1.58674E+12,4/12/20 17:21,1288,{}
1.58674E+12,4/12/20 17:21,1289,{}
1.58674E+12,4/12/20 17:22,1290,{}
1.58674E+12,4/12/20 17:22,1291,{}
1.58674E+12,4/12/20 17:22,1292,{}
1.58674E+12,4/12/20 17:22,1293,{}
1.58674E+12,4/12/20 17:26,1294,{}
1.58674E+12,4/12/20 17:26,1295,{}
1.58674E+12,4/12/20 17:26,1296,{}
1.58674E+12,4/12/20 17:26,1297,{}
1.58674E+12,4/12/20 17:27,1299,{}
1.58674E+12,4/12/20 17:27,1298,{}
1.58674E+12,4/12/20 17:30,1300,{}
1.58674E+12,4/12/20 17:30,1301,{}
1.58674E+12,4/12/20 17:39,1302,{}
1.58674E+12,4/12/20 17:40,1303,{}
1.58674E+12,4/12/20 17:40,1304,{}
1.58674E+12,4/12/20 17:40,1305,{}
1.58674E+12,4/12/20 17:40,1306,{}
1.58674E+12,4/12/20 17:40,1307,{}
1.58674E+12,4/12/20 19:10,1308,{}
1.58674E+12,4/12/20 19:16,1309,{}
1.58674E+12,4/12/20 19:16,1310,{}
1.58675E+12,4/12/20 19:31,1311,{}
1.58675E+12,4/12/20 19:43,1312,{}
1.58675E+12,4/12/20 19:43,1313,{}
1.58675E+12,4/12/20 19:43,1314,{}
1.58675E+12,4/12/20 19:43,1315,{}
1.58676E+12,4/12/20 22:27,1316,{}
1.58676E+12,4/12/20 22:32,1317,{}
1.58676E+12,4/12/20 22:32,1318,{}
1.58676E+12,4/12/20 22:32,1319,{}
1.58678E+12,4/13/20 6:05,1320,{}
1.58678E+12,4/13/20 6:06,1321,{}
1.58679E+12,4/13/20 7:21,1322,{}
1.58679E+12,4/13/20 7:21,1323,{}
1.58679E+12,4/13/20 7:22,1324,{}
1.58679E+12,4/13/20 7:22,1325,{}
1.58679E+12,4/13/20 8:32,1326,{}
1.58679E+12,4/13/20 9:10,1327,{}
1.58679E+12,4/13/20 9:10,1328,{}
1.58679E+12,4/13/20 9:20,1329,{}
1.58679E+12,4/13/20 9:20,1330,{}
1.5868E+12,4/13/20 9:38,1331,{}
1.5868E+12,4/13/20 9:42,1332,{}
1.5868E+12,4/13/20 10:22,1333,{}
1.5868E+12,4/13/20 10:26,1334,{}
1.5868E+12,4/13/20 10:40,1335,{}
1.5868E+12,4/13/20 10:51,1336,{}
1.5868E+12,4/13/20 11:01,1337,{}
1.5868E+12,4/13/20 11:01,1338,{}
1.5868E+12,4/13/20 11:04,1339,{}
1.5868E+12,4/13/20 11:10,1340,{}
1.5868E+12,4/13/20 11:15,1341,{}
1.5868E+12,4/13/20 11:16,1342,{}
1.5868E+12,4/13/20 11:16,1343,{}
1.5868E+12,4/13/20 11:17,1344,{}
1.5868E+12,4/13/20 11:19,1345,{}
1.5868E+12,4/13/20 11:19,1346,{}
1.5868E+12,4/13/20 11:20,1347,{}
1.5868E+12,4/13/20 11:22,1348,{}
1.5868E+12,4/13/20 11:25,1349,{}
1.5868E+12,4/13/20 11:29,1350,{}
1.5868E+12,4/13/20 11:32,1351,{}
1.5868E+12,4/13/20 11:35,1352,{}
1.5868E+12,4/13/20 11:40,1353,{}
1.5868E+12,4/13/20 11:40,1354,{}
1.5868E+12,4/13/20 11:42,1355,{}
1.5868E+12,4/13/20 11:43,1356,{}
1.5868E+12,4/13/20 11:43,1357,{}
1.5868E+12,4/13/20 11:48,1358,{}
1.5868E+12,4/13/20 11:48,1359,{}
1.5868E+12,4/13/20 11:53,1360,{}
1.5868E+12,4/13/20 11:55,1361,{}
1.5868E+12,4/13/20 11:56,1362,{}
1.5868E+12,4/13/20 11:57,1363,{}
1.5868E+12,4/13/20 12:01,1364,{}
1.5868E+12,4/13/20 12:02,1365,{}
1.5868E+12,4/13/20 12:08,1366,{}
1.58681E+12,4/13/20 12:10,1367,{}
1.58681E+12,4/13/20 12:20,1368,{}
1.58681E+12,4/13/20 12:23,1369,{}
1.58681E+12,4/13/20 12:26,1370,{}
1.58681E+12,4/13/20 12:35,1371,{}
1.58681E+12,4/13/20 12:39,1372,{}
1.58681E+12,4/13/20 12:40,1373,{}
1.58681E+12,4/13/20 12:45,1374,{}
1.58681E+12,4/13/20 12:46,1375,{}
1.58681E+12,4/13/20 12:49,1376,{}
1.58681E+12,4/13/20 12:56,1377,{}
1.58681E+12,4/13/20 12:57,1378,{}
1.58681E+12,4/13/20 13:17,1379,{}
1.58681E+12,4/13/20 13:25,1380,{}
1.58681E+12,4/13/20 13:25,1381,{}
1.58681E+12,4/13/20 13:25,1382,{}
1.58681E+12,4/13/20 13:25,1383,{}
1.58681E+12,4/13/20 13:25,1384,{}
1.58681E+12,4/13/20 13:25,1385,{}
1.58681E+12,4/13/20 13:25,1386,{}
1.58681E+12,4/13/20 13:25,1387,{}
1.58681E+12,4/13/20 13:38,1388,{}
1.58681E+12,4/13/20 13:43,1389,{}
1.58681E+12,4/13/20 13:53,1390,{}
1.58681E+12,4/13/20 14:07,1391,{}
1.58681E+12,4/13/20 14:11,1392,{}
1.58681E+12,4/13/20 14:12,1393,{}
1.58681E+12,4/13/20 14:13,1394,{}
1.58681E+12,4/13/20 14:15,1395,{}
1.58681E+12,4/13/20 14:37,1397,{}
1.58681E+12,4/13/20 14:42,1398,{}
1.58682E+12,4/13/20 15:09,1404,{}
1.58682E+12,4/13/20 16:16,1405,{}
1.58682E+12,4/13/20 16:49,1406,{}
1.58682E+12,4/13/20 17:00,1407,{}
1.58682E+12,4/13/20 17:03,1408,{}
1.58682E+12,4/13/20 17:04,1409,{}
1.58682E+12,4/13/20 17:04,1410,{}
1.58683E+12,4/13/20 18:20,1411,{}
1.58683E+12,4/13/20 18:58,1412,{}
1.58683E+12,4/13/20 19:39,1413,{}
1.58683E+12,4/13/20 19:40,1414,{}
1.58683E+12,4/13/20 19:40,1415,{}
1.58683E+12,4/13/20 20:05,1416,{}
1.58683E+12,4/13/20 20:16,1417,{}
1.58683E+12,4/13/20 20:16,1418,{}
1.58683E+12,4/13/20 20:16,1419,{}
1.58684E+12,4/13/20 22:01,1420,{}
1.58684E+12,4/13/20 22:03,1421,{}
1.58684E+12,4/13/20 22:47,1422,{}
1.58684E+12,4/13/20 22:50,1423,{}
1.58684E+12,4/13/20 22:50,1424,{}
1.58684E+12,4/13/20 23:00,1425,{}
1.58684E+12,4/13/20 23:05,1426,{}
1.58685E+12,4/13/20 23:18,1427,{}
1.58685E+12,4/14/20 0:05,1428,{}
1.58685E+12,4/14/20 0:05,1429,{}
1.58685E+12,4/14/20 0:05,1430,{}
1.58685E+12,4/14/20 0:10,1431,{}
1.58685E+12,4/14/20 0:10,1432,{}
1.58685E+12,4/14/20 0:11,1433,{}
1.58687E+12,4/14/20 7:35,1434,{}
1.58688E+12,4/14/20 8:09,1435,{}
1.58688E+12,4/14/20 8:09,1436,{}
1.58688E+12,4/14/20 8:09,1437,{}
1.58688E+12,4/14/20 8:09,1438,{}
1.58688E+12,4/14/20 8:11,1439,{}
1.58688E+12,4/14/20 8:11,1440,{}
1.58688E+12,4/14/20 8:11,1441,{}
1.58688E+12,4/14/20 8:12,1442,{}
1.58688E+12,4/14/20 8:12,1443,{}
1.58688E+12,4/14/20 8:12,1444,{}
1.58688E+12,4/14/20 8:12,1445,{}
1.58688E+12,4/14/20 8:14,1446,{}
1.58688E+12,4/14/20 8:15,1447,{}
1.58688E+12,4/14/20 8:16,1448,{}
1.58688E+12,4/14/20 8:18,1449,{}
1.58688E+12,4/14/20 8:19,1450,{}
1.58688E+12,4/14/20 8:20,1451,{}
1.58688E+12,4/14/20 8:20,1452,{}
1.58688E+12,4/14/20 8:20,1453,{}
1.58688E+12,4/14/20 8:22,1454,{}
1.58688E+12,4/14/20 8:22,1455,{}
1.58688E+12,4/14/20 8:22,1456,{}
1.58688E+12,4/14/20 8:23,1457,{}
1.58688E+12,4/14/20 8:23,1458,{}
1.58688E+12,4/14/20 8:24,1459,{}
1.58688E+12,4/14/20 8:24,1460,{}
1.58688E+12,4/14/20 8:24,1461,{}
1.58688E+12,4/14/20 8:25,1462,{}
1.58688E+12,4/14/20 8:25,1463,{}
1.58688E+12,4/14/20 8:25,1464,{}
1.58688E+12,4/14/20 8:25,1465,{}
1.58688E+12,4/14/20 8:26,1466,{}
1.58688E+12,4/14/20 8:26,1467,{}
1.58688E+12,4/14/20 8:27,1468,{}
1.58688E+12,4/14/20 8:27,1469,{}
1.58688E+12,4/14/20 8:28,1470,{}
1.58688E+12,4/14/20 8:28,1471,{}
1.58688E+12,4/14/20 8:28,1472,{}
1.58688E+12,4/14/20 8:28,1473,{}
1.58688E+12,4/14/20 8:28,1474,{}
1.58688E+12,4/14/20 8:29,1475,{}
1.58688E+12,4/14/20 8:31,1476,{}
1.58688E+12,4/14/20 8:31,1477,{}
1.58688E+12,4/14/20 8:32,1478,{}
1.58688E+12,4/14/20 8:32,1479,{}
1.58688E+12,4/14/20 8:32,1480,{}
1.58688E+12,4/14/20 8:32,1481,{}
1.58688E+12,4/14/20 8:32,1482,{}
1.58688E+12,4/14/20 8:33,1483,{}
1.58688E+12,4/14/20 8:33,1484,{}
1.58688E+12,4/14/20 8:34,1485,{}
1.58688E+12,4/14/20 8:34,1486,{}
1.58688E+12,4/14/20 8:35,1487,{}
1.58688E+12,4/14/20 8:35,1488,{}
1.58688E+12,4/14/20 8:36,1489,{}
1.58688E+12,4/14/20 8:36,1490,{}
1.58688E+12,4/14/20 8:37,1491,{}
1.58688E+12,4/14/20 8:37,1492,{}
1.58688E+12,4/14/20 8:38,1493,{}
1.58688E+12,4/14/20 8:38,1494,{}
1.58688E+12,4/14/20 8:39,1495,{}
1.58688E+12,4/14/20 8:39,1496,{}
1.58688E+12,4/14/20 8:40,1497,{}
1.58688E+12,4/14/20 8:44,1498,{}
1.58688E+12,4/14/20 8:45,1499,{}
1.58688E+12,4/14/20 8:45,1500,{}
1.58688E+12,4/14/20 8:46,1501,{}
1.58688E+12,4/14/20 8:46,1502,{}
1.58688E+12,4/14/20 8:46,1503,{}
1.58688E+12,4/14/20 8:52,1504,{}
1.58688E+12,4/14/20 8:54,1505,{}
1.58688E+12,4/14/20 8:55,1506,{}
1.58688E+12,4/14/20 9:09,1507,{}
1.58688E+12,4/14/20 9:19,1508,{}
1.58688E+12,4/14/20 9:19,1509,{}
1.58688E+12,4/14/20 9:21,1512,{}
1.58688E+12,4/14/20 9:21,1513,{}
1.58688E+12,4/14/20 9:21,1514,{}
1.58688E+12,4/14/20 9:22,1516,{}
1.58688E+12,4/14/20 9:22,1515,{}
1.58688E+12,4/14/20 9:22,1517,{}
1.58688E+12,4/14/20 9:25,1518,{}
1.58688E+12,4/14/20 9:34,1520,{}
1.58688E+12,4/14/20 9:38,1522,{}
1.58688E+12,4/14/20 9:38,1521,{}
1.58688E+12,4/14/20 9:45,1523,{}
1.58688E+12,4/14/20 10:15,1525,{}
1.58688E+12,4/14/20 10:15,1526,{}
1.58688E+12,4/14/20 10:15,1527,{}
1.58689E+12,4/14/20 10:23,1529,{}
1.58689E+12,4/14/20 10:24,1531,{}
1.58689E+12,4/14/20 10:37,1532,{}
1.58689E+12,4/14/20 10:38,1533,{}
1.58689E+12,4/14/20 10:38,1534,{}
1.58689E+12,4/14/20 10:43,1535,{}
1.58689E+12,4/14/20 10:46,1536,{}
1.58689E+12,4/14/20 10:49,1537,{}
1.58689E+12,4/14/20 10:53,1538,{}
1.58689E+12,4/14/20 10:58,1539,{}
1.58689E+12,4/14/20 11:02,1540,{}
1.58689E+12,4/14/20 11:04,1541,{}
1.58689E+12,4/14/20 11:06,1542,{}
1.58689E+12,4/14/20 11:06,1543,{}
1.58689E+12,4/14/20 11:08,1544,{}
1.58689E+12,4/14/20 11:08,1545,{}
1.58689E+12,4/14/20 11:10,1546,{}
1.58689E+12,4/14/20 11:12,1547,{}
1.58689E+12,4/14/20 11:13,1548,{}
1.58689E+12,4/14/20 11:16,1549,{}
1.58689E+12,4/14/20 11:17,1550,{}
1.58689E+12,4/14/20 11:22,1551,{}
1.58689E+12,4/14/20 11:25,1552,{}
1.58689E+12,4/14/20 11:27,1553,{}
1.58689E+12,4/14/20 11:27,1554,{}
1.58689E+12,4/14/20 11:27,1555,{}
1.58689E+12,4/14/20 11:27,1556,{}
1.58689E+12,4/14/20 11:29,1557,{}
1.58689E+12,4/14/20 11:30,1558,{}
1.58689E+12,4/14/20 11:32,1559,{}
1.58689E+12,4/14/20 11:32,1560,{}
1.58689E+12,4/14/20 11:33,1561,{}
1.58689E+12,4/14/20 11:34,1562,{}
1.58689E+12,4/14/20 11:34,1563,{}
1.58689E+12,4/14/20 11:37,1564,{}
1.58689E+12,4/14/20 11:38,1565,{}
1.58689E+12,4/14/20 11:39,1566,{}
1.58689E+12,4/14/20 11:42,1567,{}
1.58689E+12,4/14/20 11:45,1568,{}
1.58689E+12,4/14/20 11:47,1569,{}
1.58689E+12,4/14/20 11:52,1570,{}
1.58689E+12,4/14/20 11:55,1572,{}
1.58689E+12,4/14/20 11:56,1573,{}
1.58689E+12,4/14/20 12:00,1574,{}
1.58689E+12,4/14/20 12:00,1575,{}
1.58689E+12,4/14/20 12:03,1576,{}
1.58689E+12,4/14/20 12:05,1577,{}
1.58689E+12,4/14/20 12:09,1578,{}
1.58689E+12,4/14/20 12:13,1580,{}
1.58689E+12,4/14/20 12:14,1581,{}
1.58689E+12,4/14/20 12:16,1582,{}
1.58689E+12,4/14/20 12:18,1583,{}
1.58689E+12,4/14/20 12:18,1584,{}
1.58689E+12,4/14/20 12:20,1585,{}
1.58689E+12,4/14/20 12:21,1586,{}
1.58689E+12,4/14/20 12:21,1587,{}
1.58689E+12,4/14/20 12:22,1588,{}
1.58689E+12,4/14/20 12:24,1589,{}
1.58689E+12,4/14/20 12:26,1590,{}
1.58689E+12,4/14/20 12:26,1591,{}
1.58689E+12,4/14/20 12:28,1592,{}
1.58689E+12,4/14/20 12:29,1593,{}
1.58689E+12,4/14/20 12:31,1594,{}
1.58689E+12,4/14/20 12:40,1595,{}
1.58689E+12,4/14/20 12:46,1596,{}
1.58689E+12,4/14/20 12:49,1597,{}
1.5869E+12,4/14/20 13:21,1598,{}
1.5869E+12,4/14/20 13:22,1599,{}
1.5869E+12,4/14/20 13:25,1600,{}
1.5869E+12,4/14/20 13:27,1601,{}
1.5869E+12,4/14/20 13:36,1602,{}
1.5869E+12,4/14/20 13:36,1603,{}
1.5869E+12,4/14/20 13:38,1604,{}
1.5869E+12,4/14/20 13:46,1605,{}
1.5869E+12,4/14/20 13:46,1606,{}
1.5869E+12,4/14/20 13:46,1607,{}
1.5869E+12,4/14/20 14:07,1608,{}
1.5869E+12,4/14/20 14:14,1609,{}
1.5869E+12,4/14/20 14:15,1610,{}
1.5869E+12,4/14/20 14:23,1611,{}
1.5869E+12,4/14/20 14:33,1612,{}
1.5869E+12,4/14/20 14:40,1613,{}
1.5869E+12,4/14/20 14:41,1614,{}
1.5869E+12,4/14/20 15:03,1616,{}
1.5869E+12,4/14/20 15:11,1617,{}
1.58691E+12,4/14/20 15:56,1618,{}
1.58691E+12,4/14/20 16:09,1619,{}
1.58691E+12,4/14/20 16:24,1620,{}
1.58691E+12,4/14/20 16:28,1621,{}
1.58691E+12,4/14/20 16:28,1622,{}
1.58691E+12,4/14/20 16:28,1623,{}
1.58691E+12,4/14/20 17:25,1624,{}
1.58691E+12,4/14/20 17:25,1625,{}
1.58691E+12,4/14/20 17:59,1626,{}
1.58691E+12,4/14/20 18:00,1628,{}
1.58691E+12,4/14/20 18:00,1627,{}
1.58691E+12,4/14/20 18:00,1629,{}
1.58691E+12,4/14/20 18:03,1634,{}
1.58691E+12,4/14/20 18:03,1635,{}
1.58691E+12,4/14/20 18:03,1636,{}
1.58691E+12,4/14/20 18:03,1637,{}
1.58691E+12,4/14/20 18:03,1638,{}
1.58691E+12,4/14/20 18:03,1639,{}
1.58691E+12,4/14/20 18:03,1640,{}
1.58691E+12,4/14/20 18:03,1641,{}
1.58691E+12,4/14/20 18:03,1642,{}
1.58691E+12,4/14/20 18:03,1643,{}
1.58691E+12,4/14/20 18:03,1644,{}
1.58691E+12,4/14/20 18:03,1645,{}
1.58691E+12,4/14/20 18:03,1646,{}
1.58691E+12,4/14/20 18:04,1647,{}
1.58691E+12,4/14/20 18:04,1648,{}
1.58691E+12,4/14/20 18:04,1649,{}
1.58691E+12,4/14/20 18:04,1650,{}
1.58691E+12,4/14/20 18:04,1651,{}
1.58691E+12,4/14/20 18:04,1652,{}
1.58691E+12,4/14/20 18:04,1653,{}
1.58691E+12,4/14/20 18:04,1654,{}
1.58691E+12,4/14/20 18:04,1655,{}
1.58691E+12,4/14/20 18:04,1656,{}
1.58691E+12,4/14/20 18:04,1657,{}
1.58691E+12,4/14/20 18:04,1658,{}
1.58691E+12,4/14/20 18:04,1659,{}
1.58691E+12,4/14/20 18:04,1660,{}
1.58691E+12,4/14/20 18:04,1661,{}
1.58691E+12,4/14/20 18:21,1662,{}
1.58691E+12,4/14/20 18:28,1663,{}
1.58691E+12,4/14/20 18:30,1664,{}
1.58691E+12,4/14/20 18:31,1665,{}
1.58691E+12,4/14/20 18:31,1666,{}
1.58691E+12,4/14/20 18:32,1667,{}
1.58691E+12,4/14/20 18:32,1668,{}
1.58691E+12,4/14/20 18:32,1669,{}
1.58691E+12,4/14/20 18:32,1670,{}
1.58691E+12,4/14/20 18:33,1671,{}
1.58691E+12,4/14/20 18:40,1672,{}
1.58692E+12,4/14/20 18:44,1673,{}
1.58692E+12,4/14/20 18:50,1674,{}
1.58692E+12,4/14/20 18:56,1675,{}
1.58692E+12,4/14/20 19:35,1676,{}
1.58692E+12,4/14/20 20:23,1677,{}
1.58692E+12,4/14/20 20:49,1678,{}
1.58693E+12,4/14/20 21:59,1679,{}
1.58693E+12,4/14/20 22:24,1680,{}
1.58693E+12,4/14/20 22:36,1681,{}
1.58693E+12,4/14/20 22:39,1683,{}
1.58693E+12,4/14/20 22:39,1684,{}
1.58693E+12,4/14/20 22:39,1682,{}
1.58693E+12,4/14/20 22:39,1685,{}
1.58693E+12,4/15/20 0:14,1686,{}
1.58696E+12,4/15/20 6:45,1687,{}
1.58696E+12,4/15/20 6:46,1688,{}
1.58696E+12,4/15/20 7:58,1689,{}
1.58696E+12,4/15/20 7:58,1690,{}
1.58696E+12,4/15/20 8:10,1691,{}
1.58696E+12,4/15/20 8:10,1692,{}
1.58696E+12,4/15/20 8:16,1693,{}
1.58696E+12,4/15/20 8:16,1694,{}
1.58696E+12,4/15/20 8:16,1695,{}
1.58696E+12,4/15/20 8:16,1696,{}
1.58696E+12,4/15/20 8:17,1697,{}
1.58696E+12,4/15/20 8:17,1698,{}
1.58696E+12,4/15/20 8:17,1699,{}
1.58696E+12,4/15/20 8:18,1700,{}
1.58696E+12,4/15/20 8:18,1701,{}
1.58696E+12,4/15/20 8:18,1702,{}
1.58696E+12,4/15/20 8:19,1703,{}
1.58696E+12,4/15/20 8:19,1704,{}
1.58696E+12,4/15/20 8:19,1705,{}
1.58696E+12,4/15/20 8:20,1706,{}
1.58696E+12,4/15/20 8:20,1707,{}
1.58696E+12,4/15/20 8:20,1708,{}
1.58696E+12,4/15/20 8:20,1709,{}
1.58696E+12,4/15/20 8:20,1710,{}
1.58696E+12,4/15/20 8:21,1711,{}
1.58696E+12,4/15/20 8:21,1712,{}
1.58696E+12,4/15/20 8:21,1713,{}
1.58696E+12,4/15/20 8:21,1714,{}
1.58696E+12,4/15/20 8:22,1715,{}
1.58696E+12,4/15/20 8:22,1716,{}
1.58696E+12,4/15/20 8:23,1717,{}
1.58696E+12,4/15/20 8:23,1718,{}
1.58696E+12,4/15/20 8:23,1719,{}
1.58696E+12,4/15/20 8:23,1720,{}
1.58696E+12,4/15/20 8:23,1721,{}
1.58696E+12,4/15/20 8:24,1722,{}
1.58696E+12,4/15/20 8:25,1723,{}
1.58696E+12,4/15/20 8:26,1724,{}
1.58696E+12,4/15/20 8:26,1725,{}
1.58696E+12,4/15/20 8:26,1726,{}
1.58696E+12,4/15/20 8:26,1727,{}
1.58696E+12,4/15/20 8:26,1728,{}
1.58696E+12,4/15/20 8:27,1729,{}
1.58696E+12,4/15/20 8:27,1730,{}
1.58696E+12,4/15/20 8:28,1731,{}
1.58696E+12,4/15/20 8:28,1732,{}
1.58696E+12,4/15/20 8:28,1733,{}
1.58696E+12,4/15/20 8:29,1734,{}
1.58696E+12,4/15/20 8:30,1735,{}
1.58696E+12,4/15/20 8:31,1736,{}
1.58696E+12,4/15/20 8:31,1737,{}
1.58696E+12,4/15/20 8:31,1738,{}
1.58696E+12,4/15/20 8:32,1739,{}
1.58696E+12,4/15/20 8:32,1740,{}
1.58696E+12,4/15/20 8:32,1741,{}
1.58696E+12,4/15/20 8:32,1742,{}
1.58696E+12,4/15/20 8:32,1743,{}
1.58696E+12,4/15/20 8:33,1744,{}
1.58696E+12,4/15/20 8:33,1745,{}
1.58696E+12,4/15/20 8:34,1746,{}
1.58696E+12,4/15/20 8:35,1747,{}
1.58696E+12,4/15/20 8:36,1748,{}
1.58697E+12,4/15/20 8:37,1749,{}
1.58697E+12,4/15/20 8:39,1750,{}
1.58697E+12,4/15/20 8:39,1751,{}
1.58697E+12,4/15/20 8:39,1752,{}
1.58697E+12,4/15/20 8:43,1753,{}
1.58697E+12,4/15/20 8:44,1754,{}
1.58697E+12,4/15/20 8:46,1755,{}
1.58697E+12,4/15/20 8:48,1756,{}
1.58697E+12,4/15/20 8:48,1757,{}
1.58697E+12,4/15/20 9:03,1758,{}
1.58697E+12,4/15/20 9:03,1759,{}
1.58697E+12,4/15/20 9:04,1760,{}
1.58697E+12,4/15/20 9:04,1761,{}
1.58697E+12,4/15/20 9:06,1762,{}
1.58697E+12,4/15/20 9:06,1763,{}
1.58697E+12,4/15/20 9:15,1764,{}
1.58697E+12,4/15/20 9:20,1765,{}
1.58697E+12,4/15/20 9:25,1766,{}
1.58697E+12,4/15/20 9:28,1767,{}
1.58697E+12,4/15/20 9:38,1768,{}
1.58697E+12,4/15/20 10:16,1769,{}
1.58697E+12,4/15/20 10:23,1770,{}
1.58697E+12,4/15/20 10:40,1771,{}
1.58697E+12,4/15/20 10:44,1772,{}
1.58697E+12,4/15/20 10:47,1773,{}
1.58697E+12,4/15/20 10:58,1774,{}
1.58697E+12,4/15/20 10:59,1775,{}
1.58697E+12,4/15/20 10:59,1776,{}
1.58697E+12,4/15/20 11:00,1777,{}
1.58697E+12,4/15/20 11:02,1778,{}
1.58697E+12,4/15/20 11:04,1779,{}
1.58697E+12,4/15/20 11:06,1780,{}
1.58697E+12,4/15/20 11:08,1781,{}
1.58697E+12,4/15/20 11:12,1782,{}
1.58697E+12,4/15/20 11:13,1783,{}
1.58697E+12,4/15/20 11:13,1784,{}
1.58697E+12,4/15/20 11:15,1785,{}
1.58697E+12,4/15/20 11:16,1786,{}
1.58697E+12,4/15/20 11:16,1787,{}
1.58697E+12,4/15/20 11:16,1788,{}
1.58697E+12,4/15/20 11:19,1789,{}
1.58698E+12,4/15/20 11:24,1790,{}
1.58698E+12,4/15/20 11:25,1791,{}
1.58698E+12,4/15/20 11:29,1792,{}
1.58698E+12,4/15/20 11:35,1793,{}
1.58698E+12,4/15/20 11:37,1794,{}
1.58698E+12,4/15/20 11:37,1795,{}
1.58698E+12,4/15/20 11:38,1796,{}
1.58698E+12,4/15/20 11:39,1797,{}
1.58698E+12,4/15/20 11:44,1798,{}
1.58698E+12,4/15/20 11:47,1799,{}
1.58698E+12,4/15/20 11:47,1800,{}
1.58698E+12,4/15/20 11:50,1801,{}
1.58698E+12,4/15/20 11:51,1802,{}
1.58698E+12,4/15/20 11:56,1803,{}
1.58698E+12,4/15/20 12:12,1804,{}
1.58698E+12,4/15/20 12:13,1805,{}
1.58698E+12,4/15/20 12:14,1806,{}
1.58698E+12,4/15/20 12:28,1807,{}
1.58698E+12,4/15/20 12:31,1808,{}
1.58698E+12,4/15/20 12:38,1809,{}
1.58698E+12,4/15/20 12:40,1810,{}
1.58698E+12,4/15/20 12:43,1811,{}
1.58698E+12,4/15/20 12:53,1812,{}
1.58698E+12,4/15/20 13:14,1813,{}
1.58698E+12,4/15/20 13:28,1814,{}
1.58698E+12,4/15/20 13:44,1815,{}
1.58698E+12,4/15/20 13:44,1816,{}
1.58698E+12,4/15/20 13:48,1817,{}
1.58698E+12,4/15/20 13:48,1818,{}
1.58698E+12,4/15/20 13:55,1819,{}
1.58699E+12,4/15/20 14:11,1820,{}
1.58699E+12,4/15/20 14:24,1821,{}
1.58699E+12,4/15/20 14:47,1822,{}
1.58699E+12,4/15/20 14:47,1823,{}
1.58699E+12,4/15/20 15:20,1824,{}
1.58699E+12,4/15/20 15:28,1825,{}
1.58699E+12,4/15/20 15:28,1826,{}
1.58699E+12,4/15/20 15:33,1827,{}
1.58699E+12,4/15/20 15:47,1828,{}
1.58699E+12,4/15/20 16:20,1829,{}
1.58699E+12,4/15/20 16:27,1830,{}
1.58699E+12,4/15/20 16:29,1831,{}
1.58699E+12,4/15/20 16:29,1832,{}
1.587E+12,4/15/20 18:03,1833,{}
1.587E+12,4/15/20 18:04,1834,{}
1.587E+12,4/15/20 18:04,1835,{}
1.587E+12,4/15/20 18:04,1836,{}
1.587E+12,4/15/20 18:04,1837,{}
1.587E+12,4/15/20 18:04,1838,{}
1.587E+12,4/15/20 18:05,1839,{}
1.587E+12,4/15/20 18:11,1840,{}
1.587E+12,4/15/20 18:11,1841,{}
1.587E+12,4/15/20 18:17,1842,{}
1.587E+12,4/15/20 18:29,1843,{}
1.587E+12,4/15/20 18:30,1844,{}
1.587E+12,4/15/20 18:30,1845,{}
1.587E+12,4/15/20 18:31,1846,{}
1.587E+12,4/15/20 18:36,1847,{}
1.587E+12,4/15/20 18:38,1848,{}
1.587E+12,4/15/20 18:38,1849,{}
1.587E+12,4/15/20 18:41,1850,{}
1.587E+12,4/15/20 18:47,1851,{}
1.58701E+12,4/15/20 20:02,1852,{}
1.58701E+12,4/15/20 20:56,1853,{}
1.58701E+12,4/15/20 20:58,1854,{}
1.58701E+12,4/15/20 21:04,1855,{}
1.58701E+12,4/15/20 21:20,1856,{}
1.58701E+12,4/15/20 21:30,1857,{}
1.58701E+12,4/15/20 21:30,1858,{}
1.58701E+12,4/15/20 21:31,1859,{}
1.58701E+12,4/15/20 21:34,1860,{}
1.58701E+12,4/15/20 21:34,1861,{}
1.58702E+12,4/15/20 22:36,1862,{}
1.58702E+12,4/15/20 22:59,1863,{}
1.58702E+12,4/15/20 23:10,1864,{}
1.58702E+12,4/15/20 23:32,1865,{}
1.58702E+12,4/15/20 23:34,1866,{}
1.58702E+12,4/15/20 23:34,1867,{}
1.58702E+12,4/15/20 23:34,1868,{}
1.58702E+12,4/15/20 23:34,1869,{}
1.58702E+12,4/15/20 23:35,1870,{}
1.58702E+12,4/15/20 23:35,1871,{}
1.58705E+12,4/16/20 8:18,1872,{}
1.58705E+12,4/16/20 8:18,1873,{}
1.58705E+12,4/16/20 8:18,1874,{}
1.58705E+12,4/16/20 8:18,1875,{}
1.58705E+12,4/16/20 8:26,1876,{}
1.58705E+12,4/16/20 8:26,1877,{}
1.58705E+12,4/16/20 9:22,1878,{}
1.58705E+12,4/16/20 9:23,1879,{}
1.58705E+12,4/16/20 9:24,1880,{}
1.58705E+12,4/16/20 9:24,1881,{}
1.58706E+12,4/16/20 11:17,1882,{}
1.58706E+12,4/16/20 11:17,1883,{}
1.58706E+12,4/16/20 11:18,1884,{}
1.58706E+12,4/16/20 11:18,1885,{}
1.58706E+12,4/16/20 11:18,1886,{}
1.58706E+12,4/16/20 11:20,1887,{}
1.58706E+12,4/16/20 11:20,1888,{}
1.58706E+12,4/16/20 11:20,1889,{}
1.58706E+12,4/16/20 11:22,1890,{}
1.58707E+12,4/16/20 13:06,1891,{}
1.58708E+12,4/16/20 16:03,1892,{}
1.58708E+12,4/16/20 17:31,1893,{}
1.58708E+12,4/16/20 17:31,1894,{}
1.58708E+12,4/16/20 17:44,1895,{}
1.58709E+12,4/16/20 18:06,1896,{}
1.58709E+12,4/16/20 18:06,1897,{}
1.58709E+12,4/16/20 19:52,1898,{}
1.58709E+12,4/16/20 19:52,1899,{}
1.58709E+12,4/16/20 19:55,1900,{}
1.58709E+12,4/16/20 19:56,1901,{}
1.58709E+12,4/16/20 20:06,1902,{}
1.58709E+12,4/16/20 20:06,1903,{}
1.58709E+12,4/16/20 20:07,1904,{}
1.58709E+12,4/16/20 20:18,1905,{}
1.58709E+12,4/16/20 20:31,1906,{}
1.58709E+12,4/16/20 20:31,1907,{}
1.5871E+12,4/16/20 21:15,1908,{}
1.5871E+12,4/16/20 21:15,1909,{}
1.5871E+12,4/16/20 23:19,1910,{}
1.5871E+12,4/16/20 23:23,1911,{}
1.5871E+12,4/16/20 23:26,1912,{}
1.58711E+12,4/16/20 23:42,1913,{}
1.58713E+12,4/17/20 6:20,1914,{}
1.58714E+12,4/17/20 8:20,1915,{}
1.58714E+12,4/17/20 8:20,1916,{}
1.58714E+12,4/17/20 8:20,1917,{}
1.58714E+12,4/17/20 8:20,1918,{}
1.58714E+12,4/17/20 8:20,1919,{}
1.58714E+12,4/17/20 8:20,1920,{}
1.58714E+12,4/17/20 9:09,1921,{}
1.58714E+12,4/17/20 9:09,1922,{}
1.58714E+12,4/17/20 9:11,1923,{}
1.58714E+12,4/17/20 9:55,1924,{}
1.58714E+12,4/17/20 9:55,1925,{}
1.58714E+12,4/17/20 10:16,1926,{}
1.58714E+12,4/17/20 10:16,1927,{}
1.58714E+12,4/17/20 10:16,1928,{}
1.58715E+12,4/17/20 10:55,1929,{}
1.58716E+12,4/17/20 14:24,1930,{}
1.58716E+12,4/17/20 15:29,1931,{}
1.58716E+12,4/17/20 15:29,1932,{}
1.58716E+12,4/17/20 15:30,1933,{}
1.58716E+12,4/17/20 15:33,1934,{}
1.58716E+12,4/17/20 15:34,1935,{}
1.58716E+12,4/17/20 15:49,1936,{}
1.58716E+12,4/17/20 15:51,1937,{}
1.58716E+12,4/17/20 15:51,1938,{}
1.58717E+12,4/17/20 16:41,1939,{}
1.58717E+12,4/17/20 16:41,1940,{}
1.58717E+12,4/17/20 17:06,1941,{}
1.58717E+12,4/17/20 17:11,1942,{}
1.58717E+12,4/17/20 17:11,1943,{}
1.58717E+12,4/17/20 17:36,1944,{}
1.58717E+12,4/17/20 17:36,1945,{}
1.58717E+12,4/17/20 18:01,1946,{}
1.58717E+12,4/17/20 18:07,1947,{}
1.58717E+12,4/17/20 18:11,1948,{}
1.58717E+12,4/17/20 18:16,1949,{}
1.58717E+12,4/17/20 18:18,1950,{}
1.58717E+12,4/17/20 18:21,1951,{}
1.58717E+12,4/17/20 18:33,1952,{}
1.58717E+12,4/17/20 18:36,1953,{}
1.58718E+12,4/17/20 19:51,1954,{}
1.58718E+12,4/17/20 20:12,1955,{}
1.58718E+12,4/17/20 20:12,1956,{}
1.58719E+12,4/17/20 23:41,1957,{}
1.58719E+12,4/17/20 23:56,1958,{}
1.58719E+12,4/17/20 23:56,1959,{}
1.58722E+12,4/18/20 7:41,1960,{}
1.58722E+12,4/18/20 8:30,1961,{}
1.58723E+12,4/18/20 9:22,1962,{}
1.58723E+12,4/18/20 9:22,1963,{}
1.58723E+12,4/18/20 9:45,1964,{}
1.58723E+12,4/18/20 10:48,1965,{}
1.58723E+12,4/18/20 10:48,1966,{}
1.58723E+12,4/18/20 10:50,1967,{}
1.58723E+12,4/18/20 10:58,1968,{}
1.58723E+12,4/18/20 10:58,1969,{}
1.58723E+12,4/18/20 10:59,1970,{}
1.58723E+12,4/18/20 10:59,1971,{}
1.58723E+12,4/18/20 11:08,1972,{}
1.58723E+12,4/18/20 11:08,1973,{}
1.58723E+12,4/18/20 11:24,1974,{}
1.58724E+12,4/18/20 11:43,1975,{}
1.58724E+12,4/18/20 11:44,1976,{}
1.58724E+12,4/18/20 11:46,1977,{}
1.58724E+12,4/18/20 11:47,1978,{}
1.58724E+12,4/18/20 11:47,1979,{}
1.58724E+12,4/18/20 11:47,1980,{}
1.58724E+12,4/18/20 11:48,1981,{}
1.58724E+12,4/18/20 12:05,1982,{}
1.58724E+12,4/18/20 12:07,1983,{}
1.58724E+12,4/18/20 12:12,1984,{}
1.58724E+12,4/18/20 12:14,1985,{}
1.58724E+12,4/18/20 12:26,1986,{}
1.58724E+12,4/18/20 12:35,1987,{}
1.58724E+12,4/18/20 12:56,1988,{}
1.58724E+12,4/18/20 12:56,1989,{}
1.58724E+12,4/18/20 13:13,1990,{}
1.58724E+12,4/18/20 13:37,1991,{}
1.58724E+12,4/18/20 13:41,1992,{}
1.58724E+12,4/18/20 13:56,1993,{}
1.58724E+12,4/18/20 14:01,1994,{}
1.58724E+12,4/18/20 14:08,1995,{}
1.58724E+12,4/18/20 14:08,1996,{}
1.58724E+12,4/18/20 14:08,1997,{}
1.58724E+12,4/18/20 14:16,1998,{}
1.58725E+12,4/18/20 14:25,1999,{}
1.58725E+12,4/18/20 14:26,2000,{}
1.58725E+12,4/18/20 14:31,2001,{}
1.58725E+12,4/18/20 14:52,2002,{}
1.58725E+12,4/18/20 15:01,2003,{}
1.58725E+12,4/18/20 15:20,2004,{}
1.58725E+12,4/18/20 15:43,2005,{}
1.58725E+12,4/18/20 16:01,2006,{}
1.58725E+12,4/18/20 16:01,2007,{}
1.58725E+12,4/18/20 16:01,2008,{}
1.58725E+12,4/18/20 16:01,2009,{}
1.58725E+12,4/18/20 16:01,2010,{}
1.58725E+12,4/18/20 16:01,2011,{}
1.58725E+12,4/18/20 16:03,2012,{}
1.58725E+12,4/18/20 17:04,2013,{}
1.58725E+12,4/18/20 17:05,2014,{}
1.58726E+12,4/18/20 17:57,2017,{}
1.58726E+12,4/18/20 18:00,2018,{}
1.58726E+12,4/18/20 18:00,2019,{}
1.58726E+12,4/18/20 18:15,2020,{}
1.58726E+12,4/18/20 18:15,2021,{}
1.58726E+12,4/18/20 18:18,2022,{}
1.58727E+12,4/18/20 20:18,2023,{}
1.58727E+12,4/18/20 20:37,2024,{}
1.58728E+12,4/18/20 22:55,2025,{}
1.58728E+12,4/18/20 22:55,2026,{}
1.58728E+12,4/18/20 23:07,2027,{}
1.58728E+12,4/19/20 0:40,2028,{}
1.58728E+12,4/19/20 0:40,2029,{}
1.58729E+12,4/19/20 3:17,2030,{}
1.58731E+12,4/19/20 9:02,2031,{}
1.58731E+12,4/19/20 9:40,2032,{}
1.58731E+12,4/19/20 9:40,2033,{}
1.58732E+12,4/19/20 10:03,2034,{}
1.58732E+12,4/19/20 10:04,2035,{}
1.58732E+12,4/19/20 10:05,2036,{}
1.58732E+12,4/19/20 10:17,2037,{}
1.58732E+12,4/19/20 10:21,2038,{}
1.58732E+12,4/19/20 10:21,2039,{}
1.58732E+12,4/19/20 10:23,2040,{}
1.58732E+12,4/19/20 10:23,2041,{}
1.58732E+12,4/19/20 10:31,2042,{}
1.58732E+12,4/19/20 10:31,2043,{}
1.58732E+12,4/19/20 10:32,2044,{}
1.58732E+12,4/19/20 10:32,2045,{}
1.58732E+12,4/19/20 10:38,2046,{}
1.58732E+12,4/19/20 10:39,2047,{}
1.58732E+12,4/19/20 11:12,2048,{}
1.58732E+12,4/19/20 11:17,2049,{}
1.58732E+12,4/19/20 11:18,2050,{}
1.58732E+12,4/19/20 11:18,2051,{}
1.58732E+12,4/19/20 11:19,2052,{}
1.58732E+12,4/19/20 11:30,2053,{}
1.58732E+12,4/19/20 11:31,2054,{}
1.58732E+12,4/19/20 11:55,2055,{}
1.58732E+12,4/19/20 12:13,2056,{}
1.58732E+12,4/19/20 12:14,2057,{}
1.58732E+12,4/19/20 12:16,2058,{}
1.58732E+12,4/19/20 12:22,2059,{}
1.58732E+12,4/19/20 12:26,2060,{}
1.58733E+12,4/19/20 12:40,2061,{}
1.58733E+12,4/19/20 12:43,2062,{}
1.58733E+12,4/19/20 12:44,2063,{}
1.58733E+12,4/19/20 12:46,2064,{}
1.58733E+12,4/19/20 13:06,2065,{}
1.58733E+12,4/19/20 13:22,2066,{}
1.58733E+12,4/19/20 13:34,2067,{}
1.58733E+12,4/19/20 13:56,2068,{}
1.58733E+12,4/19/20 13:56,2069,{}
1.58733E+12,4/19/20 13:57,2070,{}
1.58733E+12,4/19/20 13:58,2071,{}
1.58733E+12,4/19/20 13:59,2072,{}
1.58733E+12,4/19/20 13:59,2073,{}
1.58733E+12,4/19/20 14:00,2074,{}
1.58733E+12,4/19/20 14:27,2075,{}
1.58733E+12,4/19/20 15:01,2076,{}
1.58733E+12,4/19/20 15:05,2077,{}
1.58733E+12,4/19/20 15:21,2078,{}
1.58734E+12,4/19/20 15:27,2079,{}
1.58734E+12,4/19/20 15:27,2080,{}
1.58734E+12,4/19/20 15:28,2081,{}
1.58734E+12,4/19/20 15:33,2082,{}
1.58734E+12,4/19/20 15:34,2083,{}
1.58734E+12,4/19/20 15:34,2084,{}
1.58734E+12,4/19/20 15:37,2085,{}
1.58734E+12,4/19/20 15:38,2086,{}
1.58734E+12,4/19/20 15:38,2087,{}
1.58734E+12,4/19/20 15:40,2088,{}
1.58734E+12,4/19/20 15:40,2089,{}
1.58734E+12,4/19/20 15:43,2090,{}
1.58734E+12,4/19/20 15:44,2091,{}
1.58734E+12,4/19/20 15:45,2092,{}
1.58734E+12,4/19/20 15:45,2093,{}
1.58734E+12,4/19/20 15:47,2094,{}
1.58734E+12,4/19/20 15:53,2095,{}
1.58734E+12,4/19/20 15:53,2096,{}
1.58734E+12,4/19/20 15:53,2097,{}
1.58734E+12,4/19/20 15:53,2098,{}
1.58734E+12,4/19/20 15:54,2099,{}
1.58734E+12,4/19/20 15:55,2100,{}
1.58734E+12,4/19/20 17:50,2101,{}
1.58735E+12,4/19/20 18:24,2102,{}
1.58735E+12,4/19/20 19:23,2103,{}
1.58735E+12,4/19/20 20:20,2104,{}
1.58735E+12,4/19/20 20:20,2105,{}
1.58735E+12,4/19/20 20:20,2106,{}
1.58735E+12,4/19/20 20:33,2107,{}
1.58735E+12,4/19/20 20:34,2108,{}
1.58735E+12,4/19/20 20:34,2109,{}
1.58736E+12,4/19/20 21:24,2110,{}
1.58736E+12,4/19/20 23:05,2111,{}
1.58736E+12,4/19/20 23:40,2112,{}
1.58737E+12,4/19/20 23:57,2113,{}
1.58737E+12,4/20/20 0:00,2114,{}
1.58739E+12,4/20/20 7:07,2115,{}
1.5874E+12,4/20/20 8:18,2116,{}
1.5874E+12,4/20/20 8:18,2117,{}
1.5874E+12,4/20/20 8:18,2118,{}
1.5874E+12,4/20/20 8:54,2119,{}
1.5874E+12,4/20/20 8:54,2120,{}
1.5874E+12,4/20/20 8:55,2121,{}
1.5874E+12,4/20/20 10:21,2122,{}
1.5874E+12,4/20/20 10:22,2123,{}
1.5874E+12,4/20/20 10:22,2124,{}
1.5874E+12,4/20/20 10:36,2125,{}
1.58741E+12,4/20/20 10:51,2126,{}
1.58741E+12,4/20/20 11:02,2127,{}
1.58741E+12,4/20/20 11:14,2128,{}
1.58741E+12,4/20/20 11:14,2129,{}
1.58741E+12,4/20/20 11:25,2130,{}
1.58741E+12,4/20/20 12:13,2131,{}
1.58741E+12,4/20/20 12:47,2132,{}
1.58741E+12,4/20/20 13:14,2133,{}
1.58741E+12,4/20/20 13:21,2134,{}
1.58741E+12,4/20/20 13:29,2135,{}
1.58741E+12,4/20/20 13:29,2136,{}
1.58741E+12,4/20/20 13:34,2137,{}
1.58742E+12,4/20/20 13:46,2138,{}
1.58742E+12,4/20/20 13:52,2139,{}
1.58742E+12,4/20/20 13:54,2140,{}
1.58742E+12,4/20/20 14:12,2141,{}
1.58742E+12,4/20/20 14:30,2142,{}
1.58742E+12,4/20/20 14:39,2143,{}
1.58742E+12,4/20/20 14:39,2144,{}
1.58742E+12,4/20/20 14:40,2145,{}
1.58742E+12,4/20/20 14:40,2146,{}
1.58742E+12,4/20/20 14:53,2147,{}
1.58742E+12,4/20/20 14:53,2148,{}
1.58742E+12,4/20/20 14:54,2149,{}
1.58743E+12,4/20/20 16:39,2150,{}
1.58743E+12,4/20/20 17:54,2151,{}
1.58743E+12,4/20/20 18:09,2152,{}
1.58743E+12,4/20/20 18:19,2153,{}
1.58743E+12,4/20/20 19:08,2154,{}
1.58744E+12,4/20/20 20:21,2155,{}
1.58744E+12,4/20/20 21:20,2156,{}
1.58745E+12,4/20/20 22:14,2157,{}
1.58745E+12,4/20/20 22:47,2158,{}
1.58745E+12,4/20/20 22:57,2159,{}
1.58745E+12,4/20/20 22:58,2160,{}
1.58745E+12,4/20/20 22:58,2161,{}
1.58745E+12,4/20/20 23:08,2162,{}
1.58745E+12,4/20/20 23:22,2163,{}
1.58745E+12,4/20/20 23:22,2164,{}
1.58745E+12,4/20/20 23:22,2165,{}
1.58745E+12,4/20/20 23:22,2166,{}
1.58748E+12,4/21/20 6:54,2167,{}
1.58748E+12,4/21/20 7:16,2168,{}
1.58748E+12,4/21/20 7:52,2169,{}
1.58748E+12,4/21/20 7:52,2170,{}
1.58748E+12,4/21/20 7:53,2171,{}
1.58748E+12,4/21/20 8:56,2172,{}
1.58748E+12,4/21/20 8:57,2173,{}
1.58749E+12,4/21/20 9:26,2174,{}
1.58749E+12,4/21/20 9:34,2175,{}
1.58749E+12,4/21/20 10:16,2176,{}
1.58749E+12,4/21/20 10:55,2177,{}
1.58749E+12,4/21/20 10:57,2178,{}
1.58749E+12,4/21/20 11:00,2179,{}
1.58749E+12,4/21/20 11:05,2180,{}
1.58749E+12,4/21/20 11:19,2181,{}
1.58749E+12,4/21/20 11:30,2182,{}
1.58749E+12,4/21/20 11:39,2183,{}
1.58749E+12,4/21/20 11:40,2184,{}
1.58749E+12,4/21/20 11:43,2185,{}
1.58749E+12,4/21/20 11:45,2186,{}
1.58749E+12,4/21/20 11:49,2187,{}
1.5875E+12,4/21/20 11:52,2188,{}
1.5875E+12,4/21/20 11:57,2189,{}
1.5875E+12,4/21/20 12:01,2190,{}
1.5875E+12,4/21/20 12:02,2191,{}
1.5875E+12,4/21/20 12:06,2192,{}
1.5875E+12,4/21/20 12:09,2193,{}
1.5875E+12,4/21/20 12:16,2194,{}
1.5875E+12,4/21/20 12:19,2195,{}
1.5875E+12,4/21/20 12:20,2196,{}
1.5875E+12,4/21/20 12:26,2197,{}
1.5875E+12,4/21/20 12:50,2198,{}
1.5875E+12,4/21/20 12:50,2199,{}
1.5875E+12,4/21/20 12:51,2200,{}
1.5875E+12,4/21/20 13:50,2201,{}
1.5875E+12,4/21/20 13:57,2202,{}
1.5875E+12,4/21/20 14:05,2203,{}
1.5875E+12,4/21/20 14:06,2204,{}
1.58751E+12,4/21/20 14:44,2205,{}
1.58751E+12,4/21/20 14:54,2206,{}
1.58751E+12,4/21/20 14:55,2207,{}
1.58751E+12,4/21/20 15:03,2208,{}
1.58751E+12,4/21/20 15:07,2209,{}
1.58751E+12,4/21/20 15:08,2210,{}
1.58751E+12,4/21/20 15:27,2211,{}
1.58751E+12,4/21/20 15:28,2212,{}
1.58751E+12,4/21/20 15:28,2213,{}
1.58751E+12,4/21/20 15:28,2214,{}
1.58751E+12,4/21/20 15:30,2215,{}
1.58751E+12,4/21/20 15:32,2216,{}
1.58751E+12,4/21/20 15:32,2217,{}
1.58751E+12,4/21/20 15:32,2218,{}
1.58751E+12,4/21/20 15:32,2219,{}
1.58751E+12,4/21/20 15:33,2220,{}
1.58751E+12,4/21/20 15:33,2221,{}
1.58751E+12,4/21/20 15:35,2222,{}
1.58751E+12,4/21/20 15:35,2223,{}
1.58751E+12,4/21/20 15:35,2224,{}
1.58751E+12,4/21/20 15:35,2225,{}
1.58751E+12,4/21/20 15:35,2226,{}
1.58751E+12,4/21/20 15:36,2227,{}
1.58751E+12,4/21/20 15:36,2228,{}
1.58751E+12,4/21/20 15:36,2229,{}
1.58751E+12,4/21/20 15:37,2230,{}
1.58751E+12,4/21/20 15:37,2231,{}
1.58751E+12,4/21/20 15:38,2232,{}
1.58751E+12,4/21/20 15:39,2233,{}
1.58751E+12,4/21/20 15:39,2234,{}
1.58751E+12,4/21/20 15:39,2235,{}
1.58751E+12,4/21/20 15:39,2236,{}
1.58751E+12,4/21/20 15:39,2237,{}
1.58751E+12,4/21/20 15:40,2238,{}
1.58751E+12,4/21/20 15:40,2239,{}
1.58751E+12,4/21/20 15:40,2240,{}
1.58751E+12,4/21/20 15:40,2241,{}
1.58751E+12,4/21/20 15:40,2242,{}
1.58751E+12,4/21/20 15:40,2243,{}
1.58751E+12,4/21/20 15:42,2244,{}
1.58751E+12,4/21/20 15:42,2245,{}
1.58751E+12,4/21/20 15:42,2246,{}
1.58751E+12,4/21/20 15:42,2247,{}
1.58751E+12,4/21/20 15:42,2248,{}
1.58751E+12,4/21/20 15:42,2249,{}
1.58751E+12,4/21/20 15:42,2250,{}
1.58751E+12,4/21/20 15:42,2251,{}
1.58751E+12,4/21/20 15:42,2252,{}
1.58751E+12,4/21/20 15:42,2253,{}
1.58751E+12,4/21/20 15:42,2254,{}
1.58751E+12,4/21/20 15:43,2255,{}
1.58751E+12,4/21/20 15:43,2256,{}
1.58751E+12,4/21/20 15:43,2257,{}
1.58751E+12,4/21/20 15:43,2258,{}
1.58751E+12,4/21/20 15:43,2259,{}
1.58751E+12,4/21/20 15:43,2260,{}
1.58751E+12,4/21/20 15:46,2261,{}
1.58751E+12,4/21/20 16:08,2262,{}
1.58752E+12,4/21/20 17:27,2263,{}
1.58752E+12,4/21/20 17:27,2264,{}
1.58752E+12,4/21/20 18:05,2265,{}
1.58752E+12,4/21/20 18:05,2266,{}
1.58752E+12,4/21/20 18:05,2267,{}
1.58752E+12,4/21/20 18:07,2268,{}
1.58752E+12,4/21/20 18:09,2269,{}
1.58752E+12,4/21/20 18:10,2270,{}
1.58752E+12,4/21/20 18:11,2271,{}
1.58752E+12,4/21/20 18:14,2272,{}
1.58752E+12,4/21/20 18:14,2273,{}
1.58752E+12,4/21/20 18:24,2274,{}
1.58752E+12,4/21/20 18:24,2275,{}
1.58752E+12,4/21/20 18:25,2276,{}
1.58752E+12,4/21/20 18:26,2277,{}
1.58752E+12,4/21/20 18:27,2278,{}
1.58752E+12,4/21/20 18:28,2279,{}
1.58752E+12,4/21/20 18:28,2280,{}
1.58752E+12,4/21/20 18:28,2281,{}
1.58752E+12,4/21/20 18:28,2282,{}
1.58752E+12,4/21/20 18:29,2283,{}
1.58752E+12,4/21/20 18:29,2284,{}
1.58752E+12,4/21/20 18:32,2285,{}
1.58752E+12,4/21/20 18:32,2286,{}
1.58752E+12,4/21/20 18:36,2287,{}
1.58752E+12,4/21/20 18:36,2288,{}
1.58752E+12,4/21/20 18:36,2289,{}
1.58752E+12,4/21/20 18:36,2290,{}
1.58752E+12,4/21/20 18:36,2291,{}
1.58752E+12,4/21/20 18:36,2292,{}
1.58752E+12,4/21/20 18:36,2293,{}
1.58752E+12,4/21/20 18:36,2294,{}
1.58752E+12,4/21/20 18:36,2295,{}
1.58752E+12,4/21/20 18:36,2296,{}
1.58752E+12,4/21/20 18:37,2297,{}
1.58752E+12,4/21/20 18:37,2298,{}
1.58752E+12,4/21/20 18:37,2299,{}
1.58752E+12,4/21/20 18:37,2300,{}
1.58752E+12,4/21/20 18:38,2301,{}
1.58752E+12,4/21/20 18:38,2302,{}
1.58752E+12,4/21/20 18:39,2303,{}
1.58752E+12,4/21/20 19:37,2304,{}
1.58753E+12,4/21/20 20:47,2305,{}
1.58753E+12,4/21/20 21:41,2306,{}
1.58753E+12,4/21/20 22:48,2307,{}
1.58754E+12,4/21/20 22:58,2308,{}
1.58754E+12,4/21/20 23:04,2309,{}
1.58754E+12,4/21/20 23:06,2310,{}
1.58754E+12,4/21/20 23:06,2311,{}
1.58754E+12,4/21/20 23:06,2312,{}
1.58754E+12,4/21/20 23:06,2313,{}
1.58754E+12,4/21/20 23:06,2314,{}
1.58756E+12,4/22/20 5:38,2315,{}
1.58757E+12,4/22/20 7:16,2316,{}
1.58757E+12,4/22/20 7:53,2317,{}
1.58757E+12,4/22/20 7:55,2318,{}
1.58757E+12,4/22/20 8:22,2319,{}
1.58757E+12,4/22/20 8:24,2320,{}
1.58757E+12,4/22/20 8:26,2321,{}
1.58757E+12,4/22/20 8:30,2322,{}
1.58757E+12,4/22/20 8:32,2323,{}
1.58757E+12,4/22/20 8:34,2324,{}
1.58757E+12,4/22/20 8:35,2325,{}
1.58757E+12,4/22/20 8:36,2326,{}
1.58757E+12,4/22/20 8:41,2327,{}
1.58757E+12,4/22/20 9:03,2328,{}
1.58757E+12,4/22/20 9:04,2329,{}
1.58757E+12,4/22/20 9:06,2330,{}
1.58757E+12,4/22/20 9:07,2331,{}
1.58757E+12,4/22/20 9:09,2332,{}
1.58757E+12,4/22/20 9:18,2333,{}
1.58757E+12,4/22/20 9:19,2334,{}
1.58757E+12,4/22/20 9:41,2335,{}
1.58757E+12,4/22/20 9:49,2336,{}
1.58758E+12,4/22/20 10:05,2337,{}
1.58758E+12,4/22/20 10:23,2338,{}
1.58758E+12,4/22/20 10:46,2339,{}
1.58758E+12,4/22/20 10:51,2340,{}
1.58758E+12,4/22/20 10:58,2341,{}
1.58758E+12,4/22/20 11:00,2342,{}
1.58758E+12,4/22/20 11:00,2343,{}
1.58758E+12,4/22/20 11:05,2344,{}
1.58758E+12,4/22/20 11:09,2345,{}
1.58758E+12,4/22/20 11:18,2346,{}
1.58758E+12,4/22/20 11:26,2347,{}
1.58758E+12,4/22/20 11:27,2348,{}
1.58758E+12,4/22/20 11:29,2349,{}
1.58758E+12,4/22/20 11:36,2350,{}
1.58758E+12,4/22/20 11:36,2351,{}
1.58758E+12,4/22/20 11:37,2352,{}
1.58758E+12,4/22/20 11:37,2353,{}
1.58758E+12,4/22/20 11:39,2354,{}
1.58758E+12,4/22/20 11:40,2355,{}
1.58758E+12,4/22/20 11:41,2356,{}
1.58758E+12,4/22/20 11:42,2357,{}
1.58758E+12,4/22/20 11:42,2358,{}
1.58758E+12,4/22/20 11:44,2359,{}
1.58758E+12,4/22/20 11:47,2360,{}
1.58758E+12,4/22/20 11:55,2361,{}
1.58758E+12,4/22/20 11:56,2362,{}
1.58758E+12,4/22/20 11:59,2363,{}
1.58758E+12,4/22/20 12:03,2364,{}
1.58758E+12,4/22/20 12:03,2365,{}
1.58758E+12,4/22/20 12:04,2366,{}
1.58758E+12,4/22/20 12:04,2367,{}
1.58758E+12,4/22/20 12:07,2368,{}
1.58758E+12,4/22/20 12:16,2369,{}
1.58758E+12,4/22/20 12:19,2370,{}
1.58759E+12,4/22/20 13:29,2371,{}
1.58759E+12,4/22/20 13:29,2372,{}
1.58759E+12,4/22/20 13:29,2373,{}
1.58759E+12,4/22/20 13:31,2374,{}
1.58759E+12,4/22/20 13:31,2375,{}
1.58759E+12,4/22/20 13:49,2376,{}
1.58759E+12,4/22/20 13:49,2377,{}
1.58759E+12,4/22/20 13:49,2378,{}
1.58759E+12,4/22/20 13:49,2379,{}
1.58759E+12,4/22/20 13:50,2380,{}
1.58759E+12,4/22/20 13:50,2381,{}
1.58759E+12,4/22/20 13:50,2382,{}
1.58759E+12,4/22/20 13:59,2383,{}
1.58759E+12,4/22/20 14:31,2384,{}
1.58759E+12,4/22/20 14:35,2385,{}
1.58759E+12,4/22/20 14:36,2386,{}
1.58759E+12,4/22/20 14:37,2387,{}
1.58759E+12,4/22/20 14:37,2388,{}
1.58759E+12,4/22/20 14:37,2389,{}
1.58759E+12,4/22/20 14:37,2390,{}
1.58759E+12,4/22/20 14:37,2391,{}
1.58759E+12,4/22/20 14:37,2392,{}
1.58759E+12,4/22/20 14:37,2393,{}
1.58759E+12,4/22/20 14:37,2394,{}
1.58759E+12,4/22/20 14:37,2395,{}
1.58759E+12,4/22/20 14:37,2396,{}
1.58759E+12,4/22/20 14:37,2397,{}
1.58759E+12,4/22/20 14:37,2398,{}
1.58759E+12,4/22/20 14:47,2399,{}
1.58759E+12,4/22/20 14:48,2400,{}
1.58759E+12,4/22/20 14:48,2401,{}
1.58759E+12,4/22/20 14:48,2402,{}
1.58759E+12,4/22/20 14:48,2403,{}
1.58759E+12,4/22/20 14:50,2404,{}
1.58759E+12,4/22/20 14:50,2405,{}
1.58759E+12,4/22/20 14:50,2406,{}
1.58759E+12,4/22/20 14:54,2407,{}
1.58759E+12,4/22/20 14:54,2408,{}
1.58759E+12,4/22/20 14:55,2409,{}
1.58759E+12,4/22/20 14:55,2410,{}
1.58759E+12,4/22/20 14:56,2411,{}
1.58759E+12,4/22/20 14:58,2412,{}
1.58759E+12,4/22/20 14:58,2413,{}
1.5876E+12,4/22/20 17:02,2414,{}
1.5876E+12,4/22/20 17:11,2415,{}
1.5876E+12,4/22/20 17:28,2416,{}
1.5876E+12,4/22/20 18:09,2417,{}
1.5876E+12,4/22/20 18:10,2418,{}
1.58761E+12,4/22/20 19:20,2419,{}
1.58761E+12,4/22/20 19:21,2420,{}
1.58761E+12,4/22/20 19:59,2421,{}
1.58761E+12,4/22/20 21:01,2422,{}
1.58761E+12,4/22/20 21:03,2423,{}
1.58762E+12,4/22/20 21:34,2424,{}
1.58762E+12,4/22/20 21:34,2425,{}
1.58762E+12,4/22/20 21:34,2426,{}
1.58762E+12,4/22/20 21:34,2427,{}
1.58762E+12,4/22/20 21:35,2428,{}
1.58762E+12,4/22/20 21:35,2429,{}
1.58762E+12,4/22/20 21:46,2430,{}
1.58762E+12,4/22/20 22:51,2431,{}
1.58762E+12,4/22/20 23:02,2432,{}
1.58762E+12,4/22/20 23:12,2433,{}
1.58762E+12,4/22/20 23:18,2434,{}
1.58762E+12,4/22/20 23:18,2435,{}
1.58762E+12,4/22/20 23:18,2436,{}
1.58762E+12,4/22/20 23:19,2437,{}
1.58763E+12,4/23/20 2:14,2438,{}
1.58765E+12,4/23/20 7:16,2439,{}
1.58765E+12,4/23/20 7:55,2440,{}
1.58765E+12,4/23/20 7:55,2441,{}
1.58766E+12,4/23/20 9:01,2442,{}
1.58766E+12,4/23/20 9:05,2443,{}
1.58766E+12,4/23/20 9:06,2444,{}
1.58766E+12,4/23/20 9:16,2445,{}
1.58766E+12,4/23/20 9:16,2446,{}
1.58766E+12,4/23/20 9:29,2449,{}
1.58766E+12,4/23/20 9:30,2450,{}
1.58766E+12,4/23/20 9:36,2451,{}
1.58766E+12,4/23/20 9:41,2452,{}
1.58766E+12,4/23/20 10:06,2453,{}
1.58766E+12,4/23/20 10:21,2454,{}
1.58766E+12,4/23/20 10:23,2455,{}
1.58766E+12,4/23/20 10:32,2456,{}
1.58766E+12,4/23/20 10:38,2457,{}
1.58766E+12,4/23/20 10:47,2458,{}
1.58766E+12,4/23/20 10:56,2459,{}
1.58766E+12,4/23/20 10:57,2460,{}
1.58766E+12,4/23/20 10:58,2461,{}
1.58766E+12,4/23/20 10:59,2462,{}
1.58766E+12,4/23/20 11:03,2463,{}
1.58767E+12,4/23/20 11:04,2464,{}
1.58767E+12,4/23/20 11:07,2465,{}
1.58767E+12,4/23/20 11:08,2466,{}
1.58767E+12,4/23/20 11:19,2467,{}
1.58767E+12,4/23/20 11:20,2468,{}
1.58767E+12,4/23/20 11:20,2469,{}
1.58767E+12,4/23/20 11:26,2470,{}
1.58767E+12,4/23/20 11:27,2471,{}